Workbook

Sheet Info
A1: Dataset | B1: Date Range | C1: Source | D1: Excluded dates | E1: Notes
A2: WHR | B2: 2015-2025 | C2: link
A3: My happiness dataset | B3: 7/2025-3/2026 | D3: 7/1/2025-7/3/2025; 1/5/2026-1/15/2026 | E3: US date format
A5: LookerStudio dashboard

Sheet raw_data
A1: Year | B1: Happiness Ranking | C1: Country | D1: Life evaluation | E1: Change | F1: Inequality | G1: Social support | H1: GDP per capita | I1: Healthy life expectancy | J1: Freedom | K1: Generosity | L1: Perception of corruption | M1: Positive emotions | N1: Negative emotions | O1: Donated | P1: Volunteered | Q1: Helped a stranger
A2: 2015 | B2: 1 | C2: Denmark | D2: 7.526 | E2: −0.167 | F2: 13 | G2: 5 | H2: 10 | I2: 21 | J2: 6 | K2: 14 | L2: 4 | M2: 11 | N2: 38 | O2: 14 | P2: 52 | Q2: 58
A3: 2015 | B3: 2 | C3: Switzerland | D3: 7.509 | E3: −0.141 | F3: 35 | G3: 13 | H3: 6 | I3: 12 | J3: 12 | K3: 23 | L3: 5 | M3: 17 | N3: 8 | O3: 23 | P3: 28 | Q3: 63
A4: 2015 | B4: 3 | C4: Iceland | D4: 7.501 | E4: 0.146 | F4: 21 | G4: 2 | H4: 12 | I4: 4 | J4: 7 | K4: 6 | L4: 27 | M4: 18 | N4: 16 | O4: 6 | P4: 46 | Q4: 75
A5: 2015 | B5: 4 | C5: Norway | D5: 7.498 | E5: −0.157 | F5: 19 | G5: 10 | H5: 4 | I5: 9 | J5: 4 | K5: 8 | L5: 8 | M5: 14 | N5: 34 | O5: 8 | P5: 25 | Q5: 73
A6: 2015 | B6: 5 | C6: Finland | D6: 7.413 | E6: 0.024 | F6: 9 | G6: 9 | H6: 21 | I6: 19 | J6: 11 | K6: 26 | L6: 6 | M6: 39 | N6: 22 | O6: 26 | P6: 27 | Q6: 51
A7: 2015 | B7: 6 | C7: Canada | D7: 7.404 | E7: −0.073 | F7: 12 | G7: 12 | H7: 18 | I7: 15 | J7: 10 | K7: 11 | L7: 15 | M7: 19 | N7: 78 | O7: 11 | P7: 14 | Q7: 22
A8: 2015 | B8: 7 | C8: Netherlands | D8: 7.339 | E8: −0.173 | F8: 1 | G8: 47 | H8: 9 | J8: 20 | K8: 9 | L8: 13 | M8: 36 | N8: 27 | O8: 9 | P8: 21 | Q8: 50
A9: 2015 | B9: 8 | C9: New Zealand | D9: 7.334 | E9: 0.113 | F9: 4 | G9: 1 | H9: 27 | I9: 27 | J9: 5 | K9: 5 | L9: 3 | M9: 16 | N9: 5 | O9: 5 | P9: 6 | Q9: 33
A10: 2015 | B10: 9 | C10: Australia | D10: 7.313 | E10: −0.037 | F10: 20 | G10: 8 | H10: 17 | I10: 16 | J10: 13 | K10: 3 | L10: 9 | M10: 29 | N10: 35 | O10: 3 | P10: 11 | Q10: 16
A11: 2015 | B11: 10 | C11: Sweden | D11: 7.291 | E11: −0.189 | F11: 15 | G11: 17 | H11: 14 | I11: 13 | J11: 8 | K11: 18 | L11: 7 | M11: 26 | N11: 21 | O11: 18 | P11: 96 | Q11: 45
A12: 2015 | B12: 11 | C12: Israel | D12: 7.267 | E12: −0.034 | F12: 32 | G12: 54 | H12: 32 | I12: 7 | J12: 79 | K12: 28 | L12: 61 | M12: 76 | N12: 60 | O12: 28 | P12: 50 | Q12: 81
A13: 2015 | B13: 12 | C13: Austria | D13: 7.119 | E13: −0.250 | F13: 27 | G13: 19 | H13: 11 | I13: 17 | J13: 22 | K13: 27 | L13: 20 | M13: 33 | N13: 7 | O13: 27 | P13: 43 | Q13: 71
A14: 2015 | B14: 13 | C14: United States | D14: 7.104 | E14: 0.022 | F14: 54 | G14: 35 | H14: 8 | I14: 54 | J14: 38 | K14: 13 | L14: 37 | M14: 24 | N14: 72 | O14: 13 | P14: 5 | Q14: 7
A15: 2015 | B15: 14 | C15: Costa Rica | D15: 7.087 | E15: −0.170 | F15: 104 | G15: 48 | H15: 56 | I15: 26 | J15: 19 | K15: 67 | L15: 52 | M15: 9 | N15: 79 | O15: 67 | P15: 56 | Q15: 35
A16: 2015 | B16: 17 | C16: Brazil | D16: 6.952 | E16: 0.103 | F16: 102 | G16: 33 | H16: 62 | I16: 75 | J16: 61 | K16: 60 | L16: 56 | M16: 58 | N16: 102 | O16: 60 | P16: 79 | Q16: 62
A17: 2015 | B17: 18 | C17: Belgium | D17: 6.929 | E17: −0.038 | F17: 6 | G17: 44 | H17: 15 | I17: 28 | J17: 30 | K17: 35 | L17: 17 | M17: 34 | N17: 52
A18: 2015 | B18: 19 | C18: Ireland | D18: 6.907 | E18: −0.169 | F18: 28 | G18: 7 | H18: 5 | I18: 20 | J18: 24 | K18: 10 | L18: 11 | M18: 32 | N18: 43 | O18: 10 | P18: 10 | Q18: 48
A19: 2015 | B19: 20 | C19: Luxembourg | D19: 6.871 | E19: −0.183 | F19: 5 | G19: 15 | H19: 1 | I19: 5 | J19: 9 | K19: 25 | L19: 10 | M19: 44 | N19: 24 | O19: 25 | P19: 26 | Q19: 126
A20: 2015 | B20: 21 | C20: Mexico | D20: 6.778 | E20: −0.310 | F20: 79 | G20: 96 | H20: 55 | I20: 63 | J20: 86 | K20: 106 | L20: 40 | M20: 51 | N20: 51 | O20: 106 | P20: 108 | Q20: 91
A21: 2015 | B21: 22 | C21: Singapore | D21: 6.739 | E21: 0.193 | F21: 11 | G21: 51 | H21: 3 | I21: 2 | J21: 26 | K21: 19 | L21: 2 | M21: 40 | N21: 4 | O21: 19 | P21: 54 | Q21: 80
A22: 2015 | B22: 23 | C22: United Kingdom | D22: 6.725 | E22: −0.158 | F22: 26 | G22: 14 | H22: 24 | I22: 29 | J22: 41 | K22: 7 | L22: 16 | M22: 37 | N22: 41 | O22: 7 | P22: 22 | Q22: 34
A23: 2015 | B23: 24 | C23: Chile | D23: 6.705 | E23: 0.118 | F23: 50 | G23: 70 | H23: 50 | I23: 32 | J23: 72 | K23: 43 | L23: 69 | M23: 28 | N23: 108 | O23: 43 | P23: 93 | Q23: 41
A24: 2015 | B24: 25 | C24: Panama | D24: 6.701 | E24: −0.442 | F24: 121 | G24: 45 | H24: 45 | I24: 36 | J24: 39 | K24: 46 | L24: 66 | M24: 22 | N24: 66 | O24: 46 | P24: 23 | Q24: 39
A25: 2015 | B25: 26 | C25: Argentina | D25: 6.65 | E25: 0.088 | F25: 53 | G25: 20 | H25: 49 | I25: 51 | J25: 29 | K25: 109 | L25: 90 | M25: 25 | N25: 91 | O25: 109 | P25: 67 | Q25: 69
A26: 2015 | B26: 27 | C26: Czechia | D26: 6.596 | E26: 0.306 | F26: 36 | G26: 28 | H26: 31 | I26: 35 | J26: 52 | K26: 84 | L26: 109 | M26: 57 | N26: 29 | O26: 84 | P26: 102 | Q26: 135
A27: 2015 | B27: 28 | C27: United Arab Emirates | D27: 6.573 | E27: −0.571 | F27: 73 | G27: 72 | H27: 7 | I27: 30 | J27: 15 | K27: 16 | L27: 46 | M27: 83 | N27: 16 | O27: 61 | P27: 10
A28: 2015 | B28: 29 | C28: Uruguay | D28: 6.545 | E28: 0.19 | F28: 87 | G28: 41 | H28: 48 | I28: 47 | J28: 14 | K28: 59 | L28: 33 | M28: 8 | N28: 85 | O28: 59 | P28: 62 | Q28: 37
A29: 2015 | B29: 30 | C29: Malta | D29: 6.488 | E29: 0.524 | F29: 42 | G29: 25 | H29: 26 | I29: 10 | J29: 16 | K29: 4 | L29: 30 | M29: 81 | N29: 119 | O29: 4 | P29: 36 | Q29: 87
A30: 2015 | B30: 31 | C30: Colombia | D30: 6.481 | E30: 0.065 | F30: 100 | G30: 42 | H30: 65 | I30: 39 | J30: 66 | K30: 90 | L30: 85 | M30: 10 | N30: 80 | O30: 90 | P30: 72 | Q30: 44
A31: 2015 | B31: 32 | C31: France | D31: 6.478 | E31: −0.286 | F31: 41 | G31: 38 | H31: 23 | I31: 14 | J31: 46 | K31: 75 | L31: 28 | M31: 38 | N31: 37 | O31: 75 | P31: 32 | Q31: 117
A32: 2015 | B32: 33 | C32: Thailand | D32: 6.474 | E32: 0.103 | F32: 31 | G32: 52 | H32: 61 | I32: 44 | J32: 27 | K32: 12 | L32: 121 | M32: 1 | N32: 13 | O32: 12 | P32: 83 | Q32: 99
A33: 2015 | B33: 34 | C33: Saudi Arabia | D33: 6.379 | E33: −0.101 | F33: 117 | G33: 75 | H33: 20 | I33: 56 | J33: 45 | K33: 45 | L33: 67 | M33: 103 | N33: 45 | O33: 97 | P33: 9
A34: 2015 | B34: 35 | C34: Taiwan Province of China | D34: 6.379 | E34: 0.158 | F34: 38 | G34: 43 | H34: 22 | J34: 91 | K34: 40 | L34: 93 | M34: 30 | N34: 2 | O34: 40 | P34: 82 | Q34: 46
A35: 2015 | B35: 36 | C35: Qatar | D35: 6.375 | E35: −0.291 | F35: 101 | H35: 2 | I35: 43
A36: 2015 | B36: 37 | C36: Spain | D36: 6.361 | E36: 0.039 | F36: 17 | G36: 6 | H36: 29 | I36: 6 | J36: 83 | K36: 57 | L36: 73 | M36: 52 | N36: 76
A37: 2015 | B37: 38 | C37: Algeria | D37: 6.355 | E37: 0.933
A38: 2015 | B38: 39 | C38: Guatemala | D38: 6.324 | E38: 0.359 | F38: 135 | G38: 74 | H38: 89 | I38: 90 | J38: 31 | K38: 51 | L38: 72 | M38: 5 | N38: 92 | O38: 51 | P38: 17 | Q38: 31
A39: 2015 | B39: 40 | C39: Suriname | D39: 6.269 | E39: 0
A40: 2015 | B40: 41 | C40: Kuwait | D40: 6.239 | E40: −0.276 | F40: 106 | G40: 73 | H40: 16 | I40: 22 | J40: 44 | K40: 29 | L40: 62 | M40: 101 | N40: 29 | O40: 92 | P40: 4
A41: 2015 | B41: 42 | C41: Bahrain | D41: 6.218 | E41: 0.906 | F41: 83 | G41: 60 | H41: 19 | I41: 62 | J41: 37 | K41: 24 | L41: 74 | M41: 89 | N41: 24 | O41: 34 | P41: 15
A42: 2015 | B42: 43 | C42: Trinidad and Tobago | D42: 6.168 | E42: −0.351
A43: 2015 | B43: 44 | C43: Venezuela | D43: 6.084 | E43: −0.955 | F43: 127 | G43: 29 | H43: 107 | I43: 73 | J43: 132 | K43: 115 | L43: 70 | M43: 2 | N43: 42 | O43: 115 | P43: 106 | Q43: 114
A44: 2015 | B44: 45 | C44: Slovakia | D44: 6.078 | E44: 0.109 | F44: 52 | G44: 11 | H44: 39 | I44: 50 | J44: 119 | K44: 83 | L44: 124 | M44: 87 | N44: 69 | O44: 83 | P44: 117 | Q44: 133
A45: 2015 | B45: 46 | C45: El Salvador | D45: 6.068 | E45: 0.259 | F45: 126 | G45: 84 | H45: 91 | I45: 82 | J45: 82 | K45: 123 | L45: 63 | M45: 6 | N45: 107 | O45: 123 | P45: 35 | Q45: 78
A46: 2015 | B46: 47 | C46: Malaysia | D46: 6.005 | E46: 0.245 | F46: 61 | G46: 76 | H46: 51 | I46: 67 | J46: 96 | K46: 21 | L46: 81 | M46: 41 | N46: 96 | O46: 21 | P46: 20 | Q46: 85
A47: 2015 | B47: 48 | C47: Nicaragua | D47: 5.992 | E47: 0.485 | F47: 133 | G47: 71 | H47: 99 | I47: 45 | J47: 51 | K47: 52 | L47: 46 | M47: 23 | N47: 113 | O47: 52 | P47: 53 | Q47: 108
A48: 2015 | B48: 49 | C48: Uzbekistan | D48: 5.987 | E48: 0.364 | F48: 96 | G48: 3 | H48: 98 | I48: 91 | J48: 1 | K48: 15 | L48: 18 | M48: 21 | N48: 1 | O48: 15 | P48: 41 | Q48: 18
A49: 2015 | B49: 50 | C49: Italy | D49: 5.977 | E49: −0.044 | F49: 18 | G49: 31 | H49: 25 | I49: 8 | J49: 122 | K49: 53 | L49: 119 | M49: 79 | N49: 105 | O49: 53 | P49: 95 | Q49: 102
A50: 2015 | B50: 51 | C50: Ecuador | D50: 5.976 | E50: 0.111 | F50: 114 | G50: 58 | H50: 77 | I50: 46 | J50: 58 | K50: 103 | L50: 31 | M50: 7 | N50: 100 | O50: 103 | P50: 90 | Q50: 89
A51: 2015 | B51: 52 | C51: Belize | D51: 5.956
A52: 2015 | B52: 53 | C52: Japan | D52: 5.921 | E52: −0.143 | F52: 37 | G52: 24 | H52: 28 | I52: 1 | J52: 42 | K52: 85 | L52: 29 | M52: 53 | N52: 14 | O52: 85 | P52: 55 | Q52: 139
A53: 2015 | B53: 54 | C53: Kazakhstan | D53: 5.919 | E53: 0.248 | F53: 56 | G53: 16 | H53: 43 | I53: 83 | J53: 80 | K53: 54 | L53: 42 | M53: 60 | N53: 12 | O53: 54 | P53: 105 | Q53: 116
A54: 2015 | B54: 55 | C54: Republic of Moldova | D54: 5.897 | E54: 0.106 | F54: 22 | G54: 65 | H54: 87 | I54: 87 | J54: 118 | K54: 99 | L54: 127 | M54: 111 | N54: 75
A55: 2015 | B55: 56 | C55: Russian Federation | D55: 5.856 | E55: 0.392 | F55: 70 | G55: 22 | H55: 37 | I55: 89 | J55: 94 | K55: 104 | L55: 120 | M55: 96 | N55: 3 | O55: 104 | P55: 113 | Q55: 122
A56: 2015 | B56: 57 | C56: Poland | D56: 5.835 | E56: 0.013 | F56: 46 | G56: 40 | H56: 40 | I56: 41 | J56: 63 | K56: 69 | L56: 67 | M56: 88 | N56: 53 | O56: 69 | P56: 128 | Q56: 110
A57: 2015 | B57: 58 | C57: Republic of Korea | D57: 5.835 | E57: −0.432 | F57: 76 | G57: 92 | H57: 30 | I57: 3 | J57: 114 | K57: 47 | L57: 82 | M57: 107 | N57: 57 | O57: 47 | P57: 80 | Q57: 94
A58: 2015 | B58: 59 | C58: Bolivia | D58: 5.822 | E58: −0.035 | F58: 44 | G58: 69 | H58: 94 | I58: 84 | J58: 28 | K58: 79 | L58: 99 | M58: 31 | N58: 133 | O58: 79 | P58: 63 | Q58: 54
A59: 2015 | B59: 60 | C59: Lithuania | D59: 5.813 | E59: 0.387 | F59: 49 | G59: 18 | H59: 38 | I59: 71 | J59: 106 | K59: 125 | L59: 122 | M59: 123 | N59: 73 | O59: 125 | P59: 116 | Q59: 101
A60: 2015 | B60: 61 | C60: Belarus | D60: 5.802 | E60: 0.298 | F60: 59 | G60: 23 | H60: 53 | I60: 72 | J60: 113 | K60: 81 | L60: 32 | M60: 119 | N60: 19 | O60: 81 | P60: 59 | Q60: 128
A61: 2015 | B61: 63 | C61: Slovenia | D61: 5.768 | E61: −0.292 | F61: 67 | G61: 36 | H61: 33 | I61: 25 | J61: 23 | K61: 44 | L61: 112 | M61: 80 | N61: 63 | O61: 44 | P61: 19 | Q61: 76
A62: 2015 | B62: 64 | C62: Peru | D62: 5.743 | E62: −0.033 | F62: 105 | G62: 82 | H62: 72 | I62: 18 | J62: 56 | K62: 91 | L62: 107 | M62: 35 | N62: 128 | O62: 91 | P62: 42 | Q62: 40
A63: 2015 | B63: 65 | C63: Turkmenistan | D63: 5.658 | E63: 0.03 | F63: 10 | G63: 4 | H63: 83 | I63: 95 | J63: 90 | K63: 41 | L63: 85 | M63: 86 | N63: 41 | O63: 1 | P63: 82
A64: 2015 | B64: 66 | C64: Mauritius | D64: 5.648 | E64: 0.171
A65: 2015 | B65: 67 | C65: Libya | D65: 5.615 | E65: 0.275 | F65: 128 | G65: 50 | H65: 86 | I65: 86 | J65: 70 | K65: 78 | L65: 75 | M65: 123 | N65: 78 | O65: 76 | P65: 2
A66: 2015 | B66: 68 | C66: Latvia | D66: 5.56 | E66: 0.514 | F66: 25 | G66: 46 | H66: 44 | I66: 65 | J66: 104 | K66: 64 | L66: 65 | M66: 109 | N66: 46 | O66: 64 | P66: 121 | Q66: 132
A67: 2015 | B67: 69 | C67: Cyprus | D67: 5.546 | E67: −0.920 | F67: 112 | G67: 90 | H67: 34 | I67: 11 | J67: 111 | K67: 30 | L67: 113 | M67: 70 | N67: 131 | O67: 30 | P67: 47 | Q67: 68
A68: 2015 | B68: 70 | C68: Paraguay | D68: 5.538 | E68: −0.241 | F68: 72 | G68: 27 | H68: 73 | I68: 69 | J68: 54 | K68: 62 | L68: 100 | M68: 3 | N68: 40 | O68: 62 | P68: 70 | Q68: 134
A69: 2015 | B69: 71 | C69: Romania | D69: 5.528 | E69: 0.495 | F69: 77 | G69: 86 | H69: 47 | I69: 61 | J69: 62 | K69: 93 | L69: 132 | M69: 90 | N69: 94 | O69: 93 | P69: 132 | Q69: 47
A70: 2015 | B70: 72 | C70: Estonia | D70: 5.517 | E70: 0.091 | F70: 48 | G70: 26 | H70: 35 | I70: 40 | J70: 48 | K70: 96 | L70: 22 | M70: 78 | N70: 18 | O70: 96 | P70: 107 | Q70: 123
A71: 2015 | B71: 73 | C71: Jamaica | D71: 5.51 | E71: 0.136
A72: 2015 | B72: 74 | C72: Croatia | D72: 5.488 | E72: −0.173 | F72: 33 | G72: 91 | H72: 46 | I72: 37 | J72: 92 | K72: 74 | L72: 87 | M72: 106 | N72: 81 | O72: 74 | P72: 125 | Q72: 136
A73: 2015 | B73: 75 | C73: Hong Kong SAR of China | D73: 5.458 | E73: −0.065
A74: 2015 | B74: 76 | C74: Somalia | D74: 5.44 | E74: 95 | F74: 130 | G74: 140 | H74: 2 | I74: 137 | J74: 117 | K74: 12 | L74: 27 | M74: 20 | N74: 117 | O74: 66 | P74: 3
A75: 2015 | B75: 77 | C75: Kosovo | D75: 5.401 | E75: 0.179 | F75: 98 | G75: 81 | H75: 90 | J75: 124 | K75: 34 | L75: 89 | M75: 59 | N75: 34 | O75: 111 | P75: 64
A76: 2015 | B76: 78 | C76: Türkiye | D76: 5.389 | E76: 0.044 | F76: 120 | G76: 61 | H76: 52 | I76: 52 | J76: 105 | K76: 49 | L76: 64 | M76: 140 | N76: 130 | O76: 49 | P76: 124 | Q76: 11
A77: 2015 | B77: 79 | C77: Indonesia | D77: 5.314 | E77: −0.034 | F77: 68 | G77: 80 | H77: 88 | I77: 88 | J77: 68 | K77: 2 | L77: 129 | M77: 15 | N77: 71 | O77: 2 | P77: 3 | Q77: 105
A78: 2015 | B78: 80 | C78: Jordan | D78: 5.303 | E78: −0.111 | F78: 116 | G78: 67 | H78: 92 | I78: 38 | J78: 73 | K78: 80 | L78: 94 | M78: 90 | N78: 80 | O78: 119 | P78: 23
A79: 2015 | B79: 81 | C79: Azerbaijan | D79: 5.291 | E79: 0.687 | F79: 23 | G79: 87 | H79: 58 | I79: 68 | J79: 74 | K79: 122 | L79: 23 | M79: 129 | N79: 30 | O79: 122 | P79: 87 | Q79: 131
A80: 2015 | B80: 82 | C80: Philippines | D80: 5.279 | E80: 0.294 | F80: 129 | G80: 59 | H80: 97 | I80: 93 | J80: 17 | K80: 89 | L80: 50 | M80: 13 | N80: 117 | O80: 89 | P80: 7 | Q80: 53
A81: 2015 | B81: 83 | C81: China | D81: 5.245 | E81: 0.267 | F81: 69 | G81: 83 | H81: 70 | I81: 34 | J81: 139 | K81: 68 | L81: 9 | M81: 139 | N81: 139 | O81: 141
A82: 2015 | B82: 84 | C82: Bhutan | D82: 5.196 | E82: 2 | F82: 63 | G82: 85 | H82: 43 | I82: 78 | J82: 22 | K82: 26 | L82: 45 | M82: 95 | N82: 22 | O82: 13 | P82: 74
A83: 2015 | B83: 85 | C83: Kyrgyzstan | D83: 5.185 | E83: 0.143 | F83: 40 | G83: 57 | H83: 106 | I83: 81 | J83: 50 | K83: 37 | L83: 94 | M83: 72 | N83: 11 | O83: 37 | P83: 33 | Q83: 55
A84: 2015 | B84: 86 | C84: Serbia | D84: 5.177 | E84: 0.364 | F84: 78 | G84: 77 | H84: 63 | I84: 58 | J84: 128 | K84: 73 | L84: 95 | M84: 135 | N84: 88 | O84: 73 | P84: 138 | Q84: 137
A85: 2015 | B85: 87 | C85: Bosnia and Herzegovina | D85: 5.163 | E85: 0.35 | F85: 113 | G85: 118 | H85: 74 | I85: 48 | J85: 110 | K85: 77 | L85: 131 | M85: 133 | N85: 77 | O85: 77 | P85: 140 | Q85: 124
A86: 2015 | B86: 88 | C86: Montenegro | D86: 5.161 | E86: −0.138 | F86: 123 | G86: 103 | H86: 57 | I86: 42 | J86: 121 | K86: 102 | L86: 60 | M86: 124 | N86: 109 | O86: 102 | P86: 130 | Q86: 125
A87: 2015 | B87: 89 | C87: Dominican Republic | D87: 5.155 | E87: 0.192 | F87: 134 | G87: 39 | H87: 64 | I87: 77 | J87: 34 | K87: 76 | L87: 51 | M87: 55 | N87: 82 | O87: 76 | P87: 15 | Q87: 24
A88: 2015 | B88: 90 | C88: Morocco | D88: 5.151 | E88: 0.266 | F88: 64 | G88: 128 | H88: 96 | I88: 80 | J88: 87 | K88: 141 | L88: 84 | M88: 102 | N88: 65 | O88: 141 | P88: 134 | Q88: 61
A89: 2015 | B89: 91 | C89: Hungary | D89: 5.145 | E89: 0.37 | F89: 47 | G89: 56 | H89: 41 | I89: 60 | J89: 125 | K89: 114 | L89: 118 | M89: 77 | N89: 58 | O89: 114 | P89: 127 | Q89: 129
A90: 2015 | B90: 92 | C90: Pakistan | D90: 5.132 | E90: −0.160 | F90: 62 | G90: 135 | H90: 115 | I90: 108 | J90: 120 | K90: 55 | L90: 44 | M90: 136 | N90: 104 | O90: 55 | P90: 118 | Q90: 100
A91: 2015 | B91: 93 | C91: Lebanon | D91: 5.129 | E91: 0.198 | F91: 86 | G91: 102 | H91: 68 | I91: 49 | J91: 117 | K91: 42 | L91: 111 | M91: 128 | N91: 55 | O91: 42 | P91: 122 | Q91: 109
A92: 2015 | B92: 94 | C92: Portugal | D92: 5.123 | E92: 0.022 | F92: 108 | G92: 53 | H92: 36 | I92: 23 | J92: 59 | K92: 95 | L92: 125 | M92: 89 | N92: 125 | O92: 95 | P92: 89 | Q92: 79
A93: 2015 | B93: 95 | C93: North Macedonia | D93: 5.121 | E93: 0.547 | F93: 103 | G93: 94 | H93: 60 | I93: 59 | J93: 101 | K93: 68 | L93: 76 | M93: 117 | N93: 84 | O93: 68 | P93: 131 | Q93: 127
A94: 2015 | B94: 96 | C94: Viet Nam | D94: 5.061 | E94: −0.472 | F94: 34 | G94: 62 | H94: 93 | I94: 70 | J94: 48 | K94: 104 | L94: 47 | M94: 48 | N94: 74 | O94: 56
A95: 2015 | B95: 98 | C95: Tunisia | D95: 5.045 | E95: 0.219 | F95: 63 | G95: 127 | H95: 84 | I95: 55 | J95: 88 | K95: 138 | L95: 71 | M95: 131 | N95: 97 | O95: 138 | P95: 120 | Q95: 77
A96: 2015 | B96: 99 | C96: Greece | D96: 5.033 | E96: −0.402 | F96: 92 | G96: 66 | H96: 42 | I96: 24 | J96: 131 | K96: 132 | L96: 75 | M96: 83 | N96: 74 | O96: 132 | P96: 129 | Q96: 113
A97: 2015 | B97: 100 | C97: Tajikistan | D97: 4.996 | E97: 0.616 | F97: 57 | G97: 64 | H97: 122 | I97: 76 | J97: 40 | K97: 88 | L97: 48 | M97: 86 | N97: 26 | O97: 88 | P97: 73 | Q97: 83
A98: 2015 | B98: 101 | C98: Mongolia | D98: 4.907 | E98: 0.073 | F98: 39 | G98: 34 | H98: 75 | I98: 97 | J98: 93 | K98: 33 | L98: 114 | M98: 125 | N98: 32 | O98: 33 | P98: 12 | Q98: 93
A99: 2015 | B99: 102 | C99: Lao PDR | D99: 4.876 | E99: 0.089
A100: 2015 | B100: 103 | C100: Nigeria | D100: 4.875 | E100: −0.373 | F100: 97 | G100: 79 | H100: 102 | I100: 121 | J100: 95 | K100: 92 | L100: 123 | M100: 49 | N100: 59 | O100: 92 | P100: 48 | Q100: 17
...

Sheet whr
A1: Year | B1: Happiness Ranking | C1: Country | D1: Region | E1: Subregion | F1: Intermediate-region | G1: Life evaluation | H1: Inequality | I1: Social support | J1: GDP per capita | K1: Healthy life expectancy | L1: Freedom | M1: Generosity | N1: Perception of corruption | O1: Positive emotions | P1: Negative emotions | Q1: Donated | R1: Volunteered | S1: Helped a stranger
A2: 2025 | B2: 1 | C2: Finland | D2: {=_xludf.XLOOKUP(C2,'country region mapping'!$A$2:$A$250, 'country region mapping'!$E$2:$E$250)} -> #NAME? | E2: {=_xludf.XLOOKUP(C2,'country region mapping'!$A$2:$A$267,'country region mapping'!$F$2:$F$267)} -> #NAME? | F2: {=_xludf.XLOOKUP(C2,'country region mapping'!$A$2:$A$267,'country region mapping'!$G$2:$G$267)} -> #NAME? | G2: 7.764 | H2: 2 | I2: 9 | J2: 17 | K2: 18 | L2: 11 | M2: 46 | N2: 2 | O2: 39 | P2: 11 | Q2: 46 | R2: 71 | S2: 96
A3: 2025 | B3: 2 | C3: Iceland | D3: {=_xludf.XLOOKUP(C3,'country region mapping'!$A$2:$A$250, 'country region mapping'!$E$2:$E$250)} -> #NAME? | E3: {=_xludf.XLOOKUP(C3,'country region mapping'!$A$2:$A$267,'country region mapping'!$F$2:$F$267)} -> #NAME? | F3: {=_xludf.XLOOKUP(C3,'country region mapping'!$A$2:$A$267,'country region mapping'!$G$2:$G$267)} -> #NAME? | G3: 7.54 | H3: 4 | I3: 1 | J3: 9 | K3: 4 | L3: 5 | M3: 8 | N3: 28 | O3: 7 | P3: 8 | Q3: 8 | R3: 78 | S3: 118
A4: 2025 | B4: 3 | C4: Denmark | D4: {=_xludf.XLOOKUP(C4,'country region mapping'!$A$2:$A$250, 'country region mapping'!$E$2:$E$250)} -> #NAME? | E4: {=_xludf.XLOOKUP(C4,'country region mapping'!$A$2:$A$267,'country region mapping'!$F$2:$F$267)} -> #NAME? | F4: {=_xludf.XLOOKUP(C4,'country region mapping'!$A$2:$A$267,'country region mapping'!$G$2:$G$267)} -> #NAME? | G4: 7.539 | H4: 13 | I4: 2 | J4: 6 | K4: 15 | L4: 17 | M4: 27 | N4: 3 | O4: 11 | P4: 41 | Q4: 27 | R4: 43 | S4: 61
A5: 2025 | B5: 4 | C5: Costa Rica | D5: {=_xludf.XLOOKUP(C5,'country region mapping'!$A$2:$A$250, 'country region mapping'!$E$2:$E$250)} -> #NAME? | E5: {=_xludf.XLOOKUP(C5,'country region mapping'!$A$2:$A$267,'country region mapping'!$F$2:$F$267)} -> #NAME? | F5: {=_xludf.XLOOKUP(C5,'country region mapping'!$A$2:$A$267,'country region mapping'!$G$2:$G$267)} -> #NAME? | G5: 7.439 | H5: 37 | I5: 30 | J5: 49 | K5: 29 | L5: 3 | M5: 90 | N5: 52 | O5: 5 | P5: 24 | Q5: 90 | R5: 75 | S5: 16
A6: 2025 | B6: 5 | C6: Sweden | D6: {=_xludf.XLOOKUP(C6,'country region mapping'!$A$2:$A$250, 'country region mapping'!$E$2:$E$250)} -> #NAME? | E6: {=_xludf.XLOOKUP(C6,'country region mapping'!$A$2:$A$267,'country region mapping'!$F$2:$F$267)} -> #NAME? | F6: {=_xludf.XLOOKUP(C6,'country region mapping'!$A$2:$A$267,'country region mapping'!$G$2:$G$267)} -> #NAME? | G6: 7.255 | H6: 7 | I6: 11 | J6: 10 | K6: 7 | L6: 20 | M6: 17 | N6: 4 | O6: 53 | P6: 36 | Q6: 17 | R6: 97 | S6: 80
A7: 2025 | B7: 6 | C7: Norway | D7: {=_xludf.XLOOKUP(C7,'country region mapping'!$A$2:$A$250, 'country region mapping'!$E$2:$E$250)} -> #NAME? | E7: {=_xludf.XLOOKUP(C7,'country region mapping'!$A$2:$A$267,'country region mapping'!$F$2:$F$267)} -> #NAME? | F7: {=_xludf.XLOOKUP(C7,'country region mapping'!$A$2:$A$267,'country region mapping'!$G$2:$G$267)} -> #NAME? | G7: 7.242 | H7: 9 | I7: 3 | J7: 3 | K7: 5 | L7: 9 | M7: 10 | N7: 8 | O7: 17 | P7: 34 | Q7: 10 | R7: 24 | S7: 83
A8: 2025 | B8: 7 | C8: Netherlands | D8: {=_xludf.XLOOKUP(C8,'country region mapping'!$A$2:$A$267,'country region mapping'!$E$2:$E$267)} -> #NAME? | E8: {=_xludf.XLOOKUP(C8,'country region mapping'!$A$2:$A$267,'country region mapping'!$F$2:$F$267)} -> #NAME? | F8: {=_xludf.XLOOKUP(C8,'country region mapping'!$A$2:$A$267,'country region mapping'!$G$2:$G$267)} -> #NAME? | G8: 7.223 | H8: 1 | I8: 25 | J8: 7 | L8: 32 | M8: 7 | N8: 13 | O8: 47 | P8: 31 | Q8: 7 | R8: 22 | S8: 104
A9: 2025 | B9: 8 | C9: Israel | D9: {=_xludf.XLOOKUP(C9,'country region mapping'!$A$2:$A$250, 'country region mapping'!$E$2:$E$250)} -> #NAME? | E9: {=_xludf.XLOOKUP(C9,'country region mapping'!$A$2:$A$267,'country region mapping'!$F$2:$F$267)} -> #NAME? | F9: {=_xludf.XLOOKUP(C9,'country region mapping'!$A$2:$A$267,'country region mapping'!$G$2:$G$267)} -> #NAME? | G9: 7.187 | H9: 5 | I9: 18 | J9: 26 | K9: 9 | L9: 95 | M9: 44 | N9: 34 | O9: 108 | P9: 40 | Q9: 44 | R9: 65 | S9: 107
A10: 2025 | B10: 9 | C10: Luxembourg | D10: {=_xludf.XLOOKUP(C10,'country region mapping'!$A$2:$A$250, 'country region mapping'!$E$2:$E$250)} -> #NAME? | E10: {=_xludf.XLOOKUP(C10,'country region mapping'!$A$2:$A$267,'country region mapping'!$F$2:$F$267)} -> #NAME? | F10: {=_xludf.XLOOKUP(C10,'country region mapping'!$A$2:$A$267,'country region mapping'!$G$2:$G$267)} -> #NAME? | G10: 7.063 | H10: 20 | I10: 37 | J10: 2 | L10: 22 | M10: 32 | N10: 9 | O10: 43 | P10: 51 | Q10: 32 | R10: 36 | S10: 110
A11: 2025 | B11: 10 | C11: Switzerland | D11: {=_xludf.XLOOKUP(C11,'country region mapping'!$A$2:$A$250, 'country region mapping'!$E$2:$E$250)} -> #NAME? | E11: {=_xludf.XLOOKUP(C11,'country region mapping'!$A$2:$A$267,'country region mapping'!$F$2:$F$267)} -> #NAME? | F11: {=_xludf.XLOOKUP(C11,'country region mapping'!$A$2:$A$267,'country region mapping'!$G$2:$G$267)} -> #NAME? | G11: 7.018 | H11: 28 | I11: 28 | J11: 4 | K11: 6 | L11: 35 | M11: 14 | N11: 5 | O11: 27 | P11: 29 | Q11: 14 | R11: 34 | S11: 116
A12: 2025 | B12: 11 | C12: New Zealand | D12: {=_xludf.XLOOKUP(C12,'country region mapping'!$A$2:$A$250, 'country region mapping'!$E$2:$E$250)} -> #NAME? | E12: {=_xludf.XLOOKUP(C12,'country region mapping'!$A$2:$A$267,'country region mapping'!$F$2:$F$267)} -> #NAME? | F12: {=_xludf.XLOOKUP(C12,'country region mapping'!$A$2:$A$267,'country region mapping'!$G$2:$G$267)} -> #NAME? | G12: 6.995 | H12: 15 | I12: 10 | J12: 25 | K12: 17 | L12: 18 | M12: 13 | N12: 6 | O12: 14 | P12: 37 | Q12: 13 | R12: 11 | S12: 38
A13: 2025 | B13: 12 | C13: Mexico | D13: {=_xludf.XLOOKUP(C13,'country region mapping'!$A$2:$A$250, 'country region mapping'!$E$2:$E$250)} -> #NAME? | E13: {=_xludf.XLOOKUP(C13,'country region mapping'!$A$2:$A$267,'country region mapping'!$F$2:$F$267)} -> #NAME? | F13: {=_xludf.XLOOKUP(C13,'country region mapping'!$A$2:$A$267,'country region mapping'!$G$2:$G$267)} -> #NAME? | G13: 6.972 | H13: 63 | I13: 66 | J13: 59 | K13: 79 | L13: 36 | M13: 104 | N13: 54 | O13: 9 | P13: 26 | Q13: 104 | R13: 74 | S13: 68
A14: 2025 | B14: 13 | C14: Ireland | D14: {=_xludf.XLOOKUP(C14,'country region mapping'!$A$2:$A$250, 'country region mapping'!$E$2:$E$250)} -> #NAME? | E14: {=_xludf.XLOOKUP(C14,'country region mapping'!$A$2:$A$267,'country region mapping'!$F$2:$F$267)} -> #NAME? | F14: {=_xludf.XLOOKUP(C14,'country region mapping'!$A$2:$A$267,'country region mapping'!$G$2:$G$267)} -> #NAME? | G14: 6.928 | H14: 41 | I14: 21 | J14: 1 | K14: 16 | L14: 33 | M14: 6 | N14: 12 | O14: 44 | P14: 49 | Q14: 6 | R14: 16 | S14: 41
A15: 2025 | B15: 14 | C15: Belgium | D15: {=_xludf.XLOOKUP(C15,'country region mapping'!$A$2:$A$250, 'country region mapping'!$E$2:$E$250)} -> #NAME? | E15: {=_xludf.XLOOKUP(C15,'country region mapping'!$A$2:$A$267,'country region mapping'!$F$2:$F$267)} -> #NAME? | F15: {=_xludf.XLOOKUP(C15,'country region mapping'!$A$2:$A$267,'country region mapping'!$G$2:$G$267)} -> #NAME? | G15: 6.926 | H15: 10 | I15: 23 | J15: 12 | K15: 20 | L15: 66 | M15: 35 | N15: 20 | O15: 46 | P15: 68 | Q15: 35 | R15: 56 | S15: 101
A16: 2025 | B16: 15 | C16: Australia | D16: {=_xludf.XLOOKUP(C16,'country region mapping'!$A$2:$A$250, 'country region mapping'!$E$2:$E$250)} -> #NAME? | E16: {=_xludf.XLOOKUP(C16,'country region mapping'!$A$2:$A$267,'country region mapping'!$F$2:$F$267)} -> #NAME? | F16: {=_xludf.XLOOKUP(C16,'country region mapping'!$A$2:$A$267,'country region mapping'!$G$2:$G$267)} -> #NAME? | G16: 6.916 | H16: 33 | I16: 29 | J16: 16 | K16: 12 | L16: 44 | M16: 9 | N16: 17 | O16: 45 | P16: 65 | Q16: 9 | R16: 17 | S16: 37
A17: 2025 | B17: 16 | C17: Kosovo | D17: {=_xludf.XLOOKUP(C17,'country region mapping'!$A$2:$A$267,'country region mapping'!$E$2:$E$267)} -> #NAME? | E17: {=_xludf.XLOOKUP(C17,'country region mapping'!$A$2:$A$267,'country region mapping'!$F$2:$F$267)} -> #NAME? | F17: {=_xludf.XLOOKUP(C17,'country region mapping'!$A$2:$A$267,'country region mapping'!$G$2:$G$267)} -> #NAME? | G17: 6.91 | H17: 86 | I17: 62 | J17: 68 | L17: 21 | M17: 22 | N17: 117 | O17: 98 | P17: 16 | Q17: 22 | R17: 135 | S17: 74
A18: 2025 | B18: 17 | C18: Germany | D18: {=_xludf.XLOOKUP(C18,'country region mapping'!$A$2:$A$250, 'country region mapping'!$E$2:$E$250)} -> #NAME? | E18: {=_xludf.XLOOKUP(C18,'country region mapping'!$A$2:$A$267,'country region mapping'!$F$2:$F$267)} -> #NAME? | F18: {=_xludf.XLOOKUP(C18,'country region mapping'!$A$2:$A$267,'country region mapping'!$G$2:$G$267)} -> #NAME? | G18: 6.882 | H18: 34 | I18: 38 | J18: 13 | K18: 24 | L18: 68 | M18: 24 | N18: 10 | O18: 68 | P18: 53 | Q18: 24 | R18: 47 | S18: 88
A19: 2025 | B19: 18 | C19: Slovenia | D19: {=_xludf.XLOOKUP(C19,'country region mapping'!$A$2:$A$250, 'country region mapping'!$E$2:$E$250)} -> #NAME? | E19: {=_xludf.XLOOKUP(C19,'country region mapping'!$A$2:$A$267,'country region mapping'!$F$2:$F$267)} -> #NAME? | F19: {=_xludf.XLOOKUP(C19,'country region mapping'!$A$2:$A$267,'country region mapping'!$G$2:$G$267)} -> #NAME? | G19: 6.868 | H19: 25 | I19: 17 | J19: 24 | K19: 23 | L19: 7 | M19: 39 | N19: 80 | O19: 95 | P19: 54 | Q19: 39 | R19: 44 | S19: 122
A20: 2025 | B20: 19 | C20: Austria | D20: {=_xludf.XLOOKUP(C20,'country region mapping'!$A$2:$A$250, 'country region mapping'!$E$2:$E$250)} -> #NAME? | E20: {=_xludf.XLOOKUP(C20,'country region mapping'!$A$2:$A$267,'country region mapping'!$F$2:$F$267)} -> #NAME? | F20: {=_xludf.XLOOKUP(C20,'country region mapping'!$A$2:$A$267,'country region mapping'!$G$2:$G$267)} -> #NAME? | G20: 6.845 | H20: 24 | I20: 47 | J20: 11 | K20: 19 | L20: 53 | M20: 11 | N20: 18 | O20: 48 | P20: 39 | Q20: 11 | R20: 33 | S20: 76
A21: 2025 | B21: 21 | C21: United Arab Emirates | D21: {=_xludf.XLOOKUP(C21,'country region mapping'!$A$2:$A$250, 'country region mapping'!$E$2:$E$250)} -> #NAME? | E21: {=_xludf.XLOOKUP(C21,'country region mapping'!$A$2:$A$267,'country region mapping'!$F$2:$F$267)} -> #NAME? | F21: {=_xludf.XLOOKUP(C21,'country region mapping'!$A$2:$A$267,'country region mapping'!$G$2:$G$267)} -> #NAME? | G21: 6.821 | H21: 66 | I21: 104 | J21: 8 | K21: 30 | L21: 4 | M21: 19 | O21: 69 | P21: 56 | Q21: 19 | R21: 28 | S21: 77
A22: 2025 | B22: 20 | C22: Czechia | D22: {=_xludf.XLOOKUP(C22,'country region mapping'!$A$2:$A$250, 'country region mapping'!$E$2:$E$250)} -> #NAME? | E22: {=_xludf.XLOOKUP(C22,'country region mapping'!$A$2:$A$267,'country region mapping'!$F$2:$F$267)} -> #NAME? | F22: {=_xludf.XLOOKUP(C22,'country region mapping'!$A$2:$A$267,'country region mapping'!$G$2:$G$267)} -> #NAME? | G22: 6.821 | H22: 48 | I22: 15 | J22: 23 | K22: 36 | L22: 23 | M22: 38 | N22: 104 | O22: 26 | P22: 89 | Q22: 38 | R22: 57 | S22: 65
A23: 2025 | B23: 22 | C23: Saudi Arabia | D23: {=_xludf.XLOOKUP(C23,'country region mapping'!$A$2:$A$250, 'country region mapping'!$E$2:$E$250)} -> #NAME? | E23: {=_xludf.XLOOKUP(C23,'country region mapping'!$A$2:$A$267,'country region mapping'!$F$2:$F$267)} -> #NAME? | F23: {=_xludf.XLOOKUP(C23,'country region mapping'!$A$2:$A$267,'country region mapping'!$G$2:$G$267)} -> #NAME? | G23: 6.817 | H23: 59 | I23: 53 | J23: 14 | K23: 38 | M23: 55 | O23: 23 | P23: 19 | Q23: 55 | R23: 99 | S23: 66
A24: 2025 | B24: 23 | C24: United States | D24: {=_xludf.XLOOKUP(C24,'country region mapping'!$A$2:$A$267,'country region mapping'!$E$2:$E$267)} -> #NAME? | E24: {=_xludf.XLOOKUP(C24,'country region mapping'!$A$2:$A$267,'country region mapping'!$F$2:$F$267)} -> #NAME? | F24: {=_xludf.XLOOKUP(C24,'country region mapping'!$A$2:$A$267,'country region mapping'!$G$2:$G$267)} -> #NAME? | G24: 6.816 | H24: 6 | I24: 22 | J24: 5 | K24: 56 | L24: 104 | M24: 16 | N24: 48 | O24: 25 | P24: 32 | Q24: 16 | R24: 12 | S24: 25
A25: 2025 | B25: 24 | C25: Poland | D25: {=_xludf.XLOOKUP(C25,'country region mapping'!$A$2:$A$250, 'country region mapping'!$E$2:$E$250)} -> #NAME? | E25: {=_xludf.XLOOKUP(C25,'country region mapping'!$A$2:$A$267,'country region mapping'!$F$2:$F$267)} -> #NAME? | F25: {=_xludf.XLOOKUP(C25,'country region mapping'!$A$2:$A$267,'country region mapping'!$G$2:$G$267)} -> #NAME? | G25: 6.768 | H25: 3 | I25: 42 | J25: 29 | K25: 40 | L25: 49 | M25: 119 | N25: 30 | O25: 107 | P25: 4 | Q25: 119 | R25: 136 | S25: 139
A26: 2025 | B26: 25 | C26: Canada | D26: {=_xludf.XLOOKUP(C26,'country region mapping'!$A$2:$A$250, 'country region mapping'!$E$2:$E$250)} -> #NAME? | E26: {=_xludf.XLOOKUP(C26,'country region mapping'!$A$2:$A$267,'country region mapping'!$F$2:$F$267)} -> #NAME? | F26: {=_xludf.XLOOKUP(C26,'country region mapping'!$A$2:$A$267,'country region mapping'!$G$2:$G$267)} -> #NAME? | G26: 6.741 | H26: 42 | I26: 20 | J26: 18 | K26: 21 | L26: 48 | M26: 12 | N26: 14 | O26: 38 | P26: 93 | Q26: 12 | R26: 23 | S26: 27
A27: 2025 | B27: 26 | C27: Taiwan Province of China | D27: {=_xludf.XLOOKUP(C27,'country region mapping'!$A$2:$A$267,'country region mapping'!$E$2:$E$267)} -> #NAME? | E27: {=_xludf.XLOOKUP(C27,'country region mapping'!$A$2:$A$267,'country region mapping'!$F$2:$F$267)} -> #NAME? | F27: {=_xludf.XLOOKUP(C27,'country region mapping'!$A$2:$A$267,'country region mapping'!$G$2:$G$267)} -> #NAME? | G27: 6.714 | H27: 23 | I27: 61 | L27: 90 | M27: 42 | N27: 42 | O27: 34 | P27: 3 | Q27: 42 | R27: 98 | S27: 67
A28: 2025 | B28: 27 | C28: Belize | D28: {=_xludf.XLOOKUP(C28,'country region mapping'!$A$2:$A$250, 'country region mapping'!$E$2:$E$250)} -> #NAME? | E28: {=_xludf.XLOOKUP(C28,'country region mapping'!$A$2:$A$267,'country region mapping'!$F$2:$F$267)} -> #NAME? | F28: {=_xludf.XLOOKUP(C28,'country region mapping'!$A$2:$A$267,'country region mapping'!$G$2:$G$267)} -> #NAME? | G28: 6.711
A29: 2025 | B29: 28 | C29: Lithuania | D29: {=_xludf.XLOOKUP(C29,'country region mapping'!$A$2:$A$250, 'country region mapping'!$E$2:$E$250)} -> #NAME? | E29: {=_xludf.XLOOKUP(C29,'country region mapping'!$A$2:$A$267,'country region mapping'!$F$2:$F$267)} -> #NAME? | F29: {=_xludf.XLOOKUP(C29,'country region mapping'!$A$2:$A$267,'country region mapping'!$G$2:$G$267)} -> #NAME? | G29: 6.704 | H29: 47 | I29: 33 | J29: 27 | K29: 52 | L29: 59 | M29: 66 | N29: 59 | O29: 87 | P29: 35 | Q29: 66 | R29: 54 | S29: 46
A30: 2025 | B30: 29 | C30: United Kingdom | D30: {=_xludf.XLOOKUP(C30,'country region mapping'!$A$2:$A$267,'country region mapping'!$E$2:$E$267)} -> #NAME? | E30: {=_xludf.XLOOKUP(C30,'country region mapping'!$A$2:$A$267,'country region mapping'!$F$2:$F$267)} -> #NAME? | F30: {=_xludf.XLOOKUP(C30,'country region mapping'!$A$2:$A$267,'country region mapping'!$G$2:$G$267)} -> #NAME? | G30: 6.694 | H30: 50 | I30: 46 | J30: 21 | K30: 25 | L30: 89 | M30: 5 | N30: 23 | O30: 63 | P30: 78 | Q30: 5 | R30: 29 | S30: 64
A31: 2025 | B31: 30 | C31: Serbia | D31: {=_xludf.XLOOKUP(C31,'country region mapping'!$A$2:$A$250, 'country region mapping'!$E$2:$E$250)} -> #NAME? | E31: {=_xludf.XLOOKUP(C31,'country region mapping'!$A$2:$A$267,'country region mapping'!$F$2:$F$267)} -> #NAME? | F31: {=_xludf.XLOOKUP(C31,'country region mapping'!$A$2:$A$267,'country region mapping'!$G$2:$G$267)} -> #NAME? | G31: 6.691 | H31: 26 | I31: 8 | J31: 50 | K31: 57 | L31: 71 | M31: 40 | N31: 103 | O31: 124 | P31: 38 | Q31: 40 | R31: 126 | S31: 115
A32: 2025 | B32: 31 | C32: Uruguay | D32: {=_xludf.XLOOKUP(C32,'country region mapping'!$A$2:$A$250, 'country region mapping'!$E$2:$E$250)} -> #NAME? | E32: {=_xludf.XLOOKUP(C32,'country region mapping'!$A$2:$A$267,'country region mapping'!$F$2:$F$267)} -> #NAME? | F32: {=_xludf.XLOOKUP(C32,'country region mapping'!$A$2:$A$267,'country region mapping'!$G$2:$G$267)} -> #NAME? | G32: 6.635 | H32: 56 | I32: 35 | J32: 45 | K32: 45 | L32: 28 | M32: 86 | N32: 33 | O32: 36 | P32: 69 | Q32: 86 | R32: 100 | S32: 47
A33: 2025 | B33: 32 | C33: Brazil | D33: {=_xludf.XLOOKUP(C33,'country region mapping'!$A$2:$A$250, 'country region mapping'!$E$2:$E$250)} -> #NAME? | E33: {=_xludf.XLOOKUP(C33,'country region mapping'!$A$2:$A$267,'country region mapping'!$F$2:$F$267)} -> #NAME? | F33: {=_xludf.XLOOKUP(C33,'country region mapping'!$A$2:$A$267,'country region mapping'!$G$2:$G$267)} -> #NAME? | G33: 6.634 | H33: 94 | I33: 52 | J33: 62 | K33: 75 | L33: 57 | M33: 99 | N33: 67 | O33: 65 | P33: 103 | Q33: 99 | R33: 85 | S33: 89
A34: 2025 | B34: 33 | C34: Kazakhstan | D34: {=_xludf.XLOOKUP(C34,'country region mapping'!$A$2:$A$250, 'country region mapping'!$E$2:$E$250)} -> #NAME? | E34: {=_xludf.XLOOKUP(C34,'country region mapping'!$A$2:$A$267,'country region mapping'!$F$2:$F$267)} -> #NAME? | F34: {=_xludf.XLOOKUP(C34,'country region mapping'!$A$2:$A$267,'country region mapping'!$G$2:$G$267)} -> #NAME? | G34: 6.633 | H34: 21 | I34: 4 | J34: 42 | K34: 77 | L34: 62 | M34: 29 | N34: 74 | O34: 62 | P34: 2 | Q34: 29 | R34: 113 | S34: 98
A35: 2025 | B35: 34 | C35: Romania | D35: {=_xludf.XLOOKUP(C35,'country region mapping'!$A$2:$A$250, 'country region mapping'!$E$2:$E$250)} -> #NAME? | E35: {=_xludf.XLOOKUP(C35,'country region mapping'!$A$2:$A$267,'country region mapping'!$F$2:$F$267)} -> #NAME? | F35: {=_xludf.XLOOKUP(C35,'country region mapping'!$A$2:$A$267,'country region mapping'!$G$2:$G$267)} -> #NAME? | G35: 6.629 | H35: 54 | I35: 84 | J35: 35 | K35: 58 | L35: 70 | M35: 109 | N35: 112 | O35: 83 | P35: 58 | Q35: 109 | R35: 129 | S35: 120
A36: 2025 | B36: 35 | C36: France | D36: {=_xludf.XLOOKUP(C36,'country region mapping'!$A$2:$A$250, 'country region mapping'!$E$2:$E$250)} -> #NAME? | E36: {=_xludf.XLOOKUP(C36,'country region mapping'!$A$2:$A$267,'country region mapping'!$F$2:$F$267)} -> #NAME? | F36: {=_xludf.XLOOKUP(C36,'country region mapping'!$A$2:$A$267,'country region mapping'!$G$2:$G$267)} -> #NAME? | G36: 6.586 | H36: 36 | I36: 40 | J36: 19 | K36: 14 | L36: 114 | M36: 63 | N36: 31 | O36: 80 | P36: 74 | Q36: 63 | R36: 30 | S36: 127
A37: 2025 | B37: 36 | C37: Singapore | D37: {=_xludf.XLOOKUP(C37,'country region mapping'!$A$2:$A$250, 'country region mapping'!$E$2:$E$250)} -> #NAME? | E37: {=_xludf.XLOOKUP(C37,'country region mapping'!$A$2:$A$267,'country region mapping'!$F$2:$F$267)} -> #NAME? | F37: {=_xludf.XLOOKUP(C37,'country region mapping'!$A$2:$A$267,'country region mapping'!$G$2:$G$267)} -> #NAME? | G37: 6.585 | H37: 22 | I37: 48 | K37: 1 | L37: 41 | M37: 18 | N37: 1 | O37: 56 | P37: 18 | Q37: 18 | R37: 35 | S37: 58
A38: 2025 | B38: 37 | C38: El Salvador | D38: {=_xludf.XLOOKUP(C38,'country region mapping'!$A$2:$A$250, 'country region mapping'!$E$2:$E$250)} -> #NAME? | E38: {=_xludf.XLOOKUP(C38,'country region mapping'!$A$2:$A$267,'country region mapping'!$F$2:$F$267)} -> #NAME? | F38: {=_xludf.XLOOKUP(C38,'country region mapping'!$A$2:$A$267,'country region mapping'!$G$2:$G$267)} -> #NAME? | G38: 6.578 | H38: 72 | I38: 93 | J38: 83 | K38: 73 | L38: 16 | M38: 130 | N38: 19 | O38: 10 | P38: 62 | Q38: 130 | R38: 89 | S38: 93
A39: 2025 | B39: 38 | C39: Italy | D39: {=_xludf.XLOOKUP(C39,'country region mapping'!$A$2:$A$250, 'country region mapping'!$E$2:$E$250)} -> #NAME? | E39: {=_xludf.XLOOKUP(C39,'country region mapping'!$A$2:$A$267,'country region mapping'!$F$2:$F$267)} -> #NAME? | F39: {=_xludf.XLOOKUP(C39,'country region mapping'!$A$2:$A$267,'country region mapping'!$G$2:$G$267)} -> #NAME? | G39: 6.574 | H39: 19 | I39: 50 | J39: 20 | K39: 13 | L39: 122 | M39: 49 | N39: 99 | O39: 70 | P39: 100 | Q39: 49 | R39: 81 | S39: 81
A40: 2025 | B40: 39 | C40: Panama | D40: {=_xludf.XLOOKUP(C40,'country region mapping'!$A$2:$A$250, 'country region mapping'!$E$2:$E$250)} -> #NAME? | E40: {=_xludf.XLOOKUP(C40,'country region mapping'!$A$2:$A$267,'country region mapping'!$F$2:$F$267)} -> #NAME? | F40: {=_xludf.XLOOKUP(C40,'country region mapping'!$A$2:$A$267,'country region mapping'!$G$2:$G$267)} -> #NAME? | G40: 6.547 | H40: 107 | I40: 39 | J40: 41 | K40: 33 | L40: 56 | M40: 102 | N40: 121 | O40: 8 | P40: 33 | Q40: 102 | R40: 69 | S40: 70
A41: 2025 | B41: 40 | C41: Kuwait | D41: {=_xludf.XLOOKUP(C41,'country region mapping'!$A$2:$A$250, 'country region mapping'!$E$2:$E$250)} -> #NAME? | E41: {=_xludf.XLOOKUP(C41,'country region mapping'!$A$2:$A$267,'country region mapping'!$F$2:$F$267)} -> #NAME? | F41: {=_xludf.XLOOKUP(C41,'country region mapping'!$A$2:$A$267,'country region mapping'!$G$2:$G$267)} -> #NAME? | G41: 6.543 | H41: 91 | I41: 68 | J41: 30 | L41: 24 | M41: 65 | O41: 59 | P41: 85 | Q41: 65 | R41: 121 | S41: 6
A42: 2025 | B42: 41 | C42: Spain | D42: {=_xludf.XLOOKUP(C42,'country region mapping'!$A$2:$A$250, 'country region mapping'!$E$2:$E$250)} -> #NAME? | E42: {=_xludf.XLOOKUP(C42,'country region mapping'!$A$2:$A$267,'country region mapping'!$F$2:$F$267)} -> #NAME? | F42: {=_xludf.XLOOKUP(C42,'country region mapping'!$A$2:$A$267,'country region mapping'!$G$2:$G$267)} -> #NAME? | G42: 6.54 | H42: 31 | I42: 26 | J42: 22 | K42: 8 | L42: 92 | M42: 37 | N42: 49 | O42: 77 | P42: 90 | Q42: 37 | R42: 73 | S42: 43
A43: 2025 | B43: 42 | C43: Guatemala | D43: {=_xludf.XLOOKUP(C43,'country region mapping'!$A$2:$A$250, 'country region mapping'!$E$2:$E$250)} -> #NAME? | E43: {=_xludf.XLOOKUP(C43,'country region mapping'!$A$2:$A$267,'country region mapping'!$F$2:$F$267)} -> #NAME? | F43: {=_xludf.XLOOKUP(C43,'country region mapping'!$A$2:$A$267,'country region mapping'!$G$2:$G$267)} -> #NAME? | G43: 6.533 | H43: 118 | I43: 85 | J43: 81 | L43: 25 | M43: 87 | N43: 85 | O43: 1 | P43: 82 | Q43: 87 | R43: 21 | S43: 48
A44: 2025 | B44: 43 | C44: Malta | D44: {=_xludf.XLOOKUP(C44,'country region mapping'!$A$2:$A$250, 'country region mapping'!$E$2:$E$250)} -> #NAME? | E44: {=_xludf.XLOOKUP(C44,'country region mapping'!$A$2:$A$267,'country region mapping'!$F$2:$F$267)} -> #NAME? | F44: {=_xludf.XLOOKUP(C44,'country region mapping'!$A$2:$A$267,'country region mapping'!$G$2:$G$267)} -> #NAME? | G44: 6.436 | H44: 38 | I44: 34 | K44: 11 | L44: 43 | M44: 3 | N44: 53 | O44: 76 | P44: 102 | Q44: 3 | R44: 52 | S44: 85
A45: 2025 | B45: 44 | C45: Argentina | D45: {=_xludf.XLOOKUP(C45,'country region mapping'!$A$2:$A$250, 'country region mapping'!$E$2:$E$250)} -> #NAME? | E45: {=_xludf.XLOOKUP(C45,'country region mapping'!$A$2:$A$267,'country region mapping'!$F$2:$F$267)} -> #NAME? | F45: {=_xludf.XLOOKUP(C45,'country region mapping'!$A$2:$A$267,'country region mapping'!$G$2:$G$267)} -> #NAME? | G45: 6.43 | H45: 60 | I45: 36 | J45: 51 | K45: 49 | L45: 42 | M45: 92 | N45: 100 | O45: 31 | P45: 76 | Q45: 92 | R45: 79 | S45: 28
A46: 2025 | B46: 45 | C46: Viet Nam | D46: {=_xludf.XLOOKUP(C46,'country region mapping'!$A$2:$A$250, 'country region mapping'!$E$2:$E$250)} -> #NAME? | E46: {=_xludf.XLOOKUP(C46,'country region mapping'!$A$2:$A$267,'country region mapping'!$F$2:$F$267)} -> #NAME? | F46: {=_xludf.XLOOKUP(C46,'country region mapping'!$A$2:$A$267,'country region mapping'!$G$2:$G$267)} -> #NAME? | G46: 6.428 | H46: 16 | I46: 67 | J46: 74 | K46: 41 | L46: 1 | M46: 131 | N46: 25 | O46: 41 | P46: 1 | Q46: 131 | R46: 132 | S46: 129
A47: 2025 | B47: 46 | C47: Estonia | D47: {=_xludf.XLOOKUP(C47,'country region mapping'!$A$2:$A$250, 'country region mapping'!$E$2:$E$250)} -> #NAME? | E47: {=_xludf.XLOOKUP(C47,'country region mapping'!$A$2:$A$267,'country region mapping'!$F$2:$F$267)} -> #NAME? | F47: {=_xludf.XLOOKUP(C47,'country region mapping'!$A$2:$A$267,'country region mapping'!$G$2:$G$267)} -> #NAME? | G47: 6.41 | H47: 17 | I47: 12 | J47: 34 | K47: 32 | L47: 67 | M47: 50 | N47: 16 | O47: 64 | P47: 60 | Q47: 50 | R47: 83 | S47: 87
A48: 2025 | B48: 47 | C48: Bosnia and Herzegovina | D48: {=_xludf.XLOOKUP(C48,'country region mapping'!$A$2:$A$250, 'country region mapping'!$E$2:$E$250)} -> #NAME? | E48: {=_xludf.XLOOKUP(C48,'country region mapping'!$A$2:$A$267,'country region mapping'!$F$2:$F$267)} -> #NAME? | F48: {=_xludf.XLOOKUP(C48,'country region mapping'!$A$2:$A$267,'country region mapping'!$G$2:$G$267)} -> #NAME? | G48: 6.381 | H48: 49 | I48: 58 | J48: 60 | K48: 46 | L48: 107 | M48: 45 | N48: 116 | O48: 113 | P48: 22 | Q48: 45 | R48: 130 | S48: 131
A49: 2025 | B49: 48 | C49: Latvia | D49: {=_xludf.XLOOKUP(C49,'country region mapping'!$A$2:$A$250, 'country region mapping'!$E$2:$E$250)} -> #NAME? | E49: {=_xludf.XLOOKUP(C49,'country region mapping'!$A$2:$A$267,'country region mapping'!$F$2:$F$267)} -> #NAME? | F49: {=_xludf.XLOOKUP(C49,'country region mapping'!$A$2:$A$267,'country region mapping'!$G$2:$G$267)} -> #NAME? | G49: 6.365 | H49: 27 | I49: 6 | J49: 38 | K49: 59 | L49: 46 | M49: 47 | N49: 71 | O49: 72 | P49: 64 | Q49: 47 | R49: 119 | S49: 109
A50: 2025 | B50: 49 | C50: Jamaica | D50: {=_xludf.XLOOKUP(C50,'country region mapping'!$A$2:$A$250, 'country region mapping'!$E$2:$E$250)} -> #NAME? | E50: {=_xludf.XLOOKUP(C50,'country region mapping'!$A$2:$A$267,'country region mapping'!$F$2:$F$267)} -> #NAME? | F50: {=_xludf.XLOOKUP(C50,'country region mapping'!$A$2:$A$267,'country region mapping'!$G$2:$G$267)} -> #NAME? | G50: 6.305 | H50: 119 | I50: 24 | J50: 84 | K50: 76 | L50: 50 | M50: 118 | N50: 88 | O50: 61 | P50: 23 | Q50: 118 | R50: 55 | S50: 3
A51: 2025 | B51: 50 | C51: Chile | D51: {=_xludf.XLOOKUP(C51,'country region mapping'!$A$2:$A$250, 'country region mapping'!$E$2:$E$250)} -> #NAME? | E51: {=_xludf.XLOOKUP(C51,'country region mapping'!$A$2:$A$267,'country region mapping'!$F$2:$F$267)} -> #NAME? | F51: {=_xludf.XLOOKUP(C51,'country region mapping'!$A$2:$A$267,'country region mapping'!$G$2:$G$267)} -> #NAME? | G51: 6.302 | H51: 62 | I51: 59 | J51: 46 | K51: 28 | L51: 64 | M51: 67 | N51: 82 | O51: 19 | P51: 70 | Q51: 67 | R51: 77 | S51: 53
A52: 2025 | B52: 51 | C52: Nicaragua | D52: {=_xludf.XLOOKUP(C52,'country region mapping'!$A$2:$A$250, 'country region mapping'!$E$2:$E$250)} -> #NAME? | E52: {=_xludf.XLOOKUP(C52,'country region mapping'!$A$2:$A$267,'country region mapping'!$F$2:$F$267)} -> #NAME? | F52: {=_xludf.XLOOKUP(C52,'country region mapping'!$A$2:$A$267,'country region mapping'!$G$2:$G$267)} -> #NAME? | G52: 6.301 | K52: 50
A53: 2025 | B53: 52 | C53: Thailand | D53: {=_xludf.XLOOKUP(C53,'country region mapping'!$A$2:$A$250, 'country region mapping'!$E$2:$E$250)} -> #NAME? | E53: {=_xludf.XLOOKUP(C53,'country region mapping'!$A$2:$A$267,'country region mapping'!$F$2:$F$267)} -> #NAME? | F53: {=_xludf.XLOOKUP(C53,'country region mapping'!$A$2:$A$267,'country region mapping'!$G$2:$G$267)} -> #NAME? | G53: 6.296 | H53: 73 | I53: 56 | J53: 58 | K53: 37 | L53: 8 | M53: 23 | N53: 127 | O53: 13 | P53: 50 | Q53: 23 | R53: 103 | S53: 97
A54: 2025 | B54: 53 | C54: Uzbekistan | D54: {=_xludf.XLOOKUP(C54,'country region mapping'!$A$2:$A$250, 'country region mapping'!$E$2:$E$250)} -> #NAME? | E54: {=_xludf.XLOOKUP(C54,'country region mapping'!$A$2:$A$267,'country region mapping'!$F$2:$F$267)} -> #NAME? | F54: {=_xludf.XLOOKUP(C54,'country region mapping'!$A$2:$A$267,'country region mapping'!$G$2:$G$267)} -> #NAME? | G54: 6.283 | H54: 77 | I54: 32 | J54: 87 | K54: 65 | L54: 19 | M54: 25 | N54: 37 | O54: 24 | P54: 46 | Q54: 25 | R54: 92 | S54: 94
A55: 2025 | B55: 54 | C55: Slovakia | D55: {=_xludf.XLOOKUP(C55,'country region mapping'!$A$2:$A$250, 'country region mapping'!$E$2:$E$250)} -> #NAME? | E55: {=_xludf.XLOOKUP(C55,'country region mapping'!$A$2:$A$267,'country region mapping'!$F$2:$F$267)} -> #NAME? | F55: {=_xludf.XLOOKUP(C55,'country region mapping'!$A$2:$A$267,'country region mapping'!$G$2:$G$267)} -> #NAME? | G55: 6.255 | H55: 8 | I55: 7 | J55: 37 | K55: 47 | L55: 98 | M55: 98 | N55: 113 | O55: 84 | P55: 21 | Q55: 98 | R55: 102 | S55: 133
A56: 2025 | B56: 55 | C56: Bahrain | D56: {=_xludf.XLOOKUP(C56,'country region mapping'!$A$2:$A$250, 'country region mapping'!$E$2:$E$250)} -> #NAME? | E56: {=_xludf.XLOOKUP(C56,'country region mapping'!$A$2:$A$267,'country region mapping'!$F$2:$F$267)} -> #NAME? | F56: {=_xludf.XLOOKUP(C56,'country region mapping'!$A$2:$A$267,'country region mapping'!$G$2:$G$267)} -> #NAME? | G56: 6.254 | H56: 88 | I56: 64 | J56: 15 | L56: 10 | M56: 20 | O56: 54 | P56: 44 | Q56: 20 | R56: 70 | S56: 34
A57: 2025 | B57: 56 | C57: Philippines | D57: {=_xludf.XLOOKUP(C57,'country region mapping'!$A$2:$A$250, 'country region mapping'!$E$2:$E$250)} -> #NAME? | E57: {=_xludf.XLOOKUP(C57,'country region mapping'!$A$2:$A$267,'country region mapping'!$F$2:$F$267)} -> #NAME? | F57: {=_xludf.XLOOKUP(C57,'country region mapping'!$A$2:$A$267,'country region mapping'!$G$2:$G$267)} -> #NAME? | G57: 6.206 | H57: 101 | I57: 63 | J57: 88 | K57: 93 | L57: 13 | M57: 81 | N57: 96 | O57: 18 | P57: 111 | Q57: 81 | R57: 5 | S57: 29
A58: 2025 | B58: 57 | C58: Paraguay | D58: {=_xludf.XLOOKUP(C58,'country region mapping'!$A$2:$A$250, 'country region mapping'!$E$2:$E$250)} -> #NAME? | E58: {=_xludf.XLOOKUP(C58,'country region mapping'!$A$2:$A$267,'country region mapping'!$F$2:$F$267)} -> #NAME? | F58: {=_xludf.XLOOKUP(C58,'country region mapping'!$A$2:$A$267,'country region mapping'!$G$2:$G$267)} -> #NAME? | G58: 6.198 | H58: 100 | I58: 14 | J58: 70 | K58: 84 | L58: 26 | M58: 60 | N58: 114 | O58: 2 | P58: 47 | Q58: 60 | R58: 25 | S58: 32
A59: 2025 | B59: 58 | C59: Oman | D59: {=_xludf.XLOOKUP(C59,'country region mapping'!$A$2:$A$250, 'country region mapping'!$E$2:$E$250)} -> #NAME? | E59: {=_xludf.XLOOKUP(C59,'country region mapping'!$A$2:$A$267,'country region mapping'!$F$2:$F$267)} -> #NAME? | F59: {=_xludf.XLOOKUP(C59,'country region mapping'!$A$2:$A$267,'country region mapping'!$G$2:$G$267)} -> #NAME? | G59: 6.197
A60: 2025 | B60: 59 | C60: Ecuador | D60: {=_xludf.XLOOKUP(C60,'country region mapping'!$A$2:$A$250, 'country region mapping'!$E$2:$E$250)} -> #NAME? | E60: {=_xludf.XLOOKUP(C60,'country region mapping'!$A$2:$A$267,'country region mapping'!$F$2:$F$267)} -> #NAME? | F60: {=_xludf.XLOOKUP(C60,'country region mapping'!$A$2:$A$267,'country region mapping'!$G$2:$G$267)} -> #NAME? | G60: 6.144 | H60: 98 | I60: 81 | J60: 77 | K60: 51 | L60: 81 | M60: 103 | N60: 77 | O60: 6 | P60: 95 | Q60: 103 | R60: 94 | S60: 55
A61: 2025 | B61: 60 | C61: Montenegro | D61: {=_xludf.XLOOKUP(C61,'country region mapping'!$A$2:$A$250, 'country region mapping'!$E$2:$E$250)} -> #NAME? | E61: {=_xludf.XLOOKUP(C61,'country region mapping'!$A$2:$A$267,'country region mapping'!$F$2:$F$267)} -> #NAME? | F61: {=_xludf.XLOOKUP(C61,'country region mapping'!$A$2:$A$267,'country region mapping'!$G$2:$G$267)} -> #NAME? | G61: 6.139 | H61: 30 | I61: 13 | J61: 48 | L61: 45 | M61: 64 | N61: 79 | O61: 117 | P61: 92 | Q61: 64 | R61: 115 | S61: 128
A62: 2025 | B62: 61 | C62: Japan | D62: {=_xludf.XLOOKUP(C62,'country region mapping'!$A$2:$A$250, 'country region mapping'!$E$2:$E$250)} -> #NAME? | E62: {=_xludf.XLOOKUP(C62,'country region mapping'!$A$2:$A$267,'country region mapping'!$F$2:$F$267)} -> #NAME? | F62: {=_xludf.XLOOKUP(C62,'country region mapping'!$A$2:$A$267,'country region mapping'!$G$2:$G$267)} -> #NAME? | G62: 6.13 | H62: 40 | I62: 44 | J62: 28 | K62: 2 | L62: 85 | M62: 122 | N62: 29 | O62: 79 | P62: 5 | Q62: 122 | R62: 95 | S62: 138
A63: 2025 | B63: 62 | C63: Cyprus | D63: {=_xludf.XLOOKUP(C63,'country region mapping'!$A$2:$A$250, 'country region mapping'!$E$2:$E$250)} -> #NAME? | E63: {=_xludf.XLOOKUP(C63,'country region mapping'!$A$2:$A$267,'country region mapping'!$F$2:$F$267)} -> #NAME? | F63: {=_xludf.XLOOKUP(C63,'country region mapping'!$A$2:$A$267,'country region mapping'!$G$2:$G$267)} -> #NAME? | G63: 6.126 | H63: 39 | I63: 78 | K63: 10 | L63: 77 | M63: 28 | N63: 65 | O63: 67 | P63: 80 | Q63: 28 | R63: 41 | S63: 57
A64: 2025 | B64: 63 | C64: Honduras | D64: {=_xludf.XLOOKUP(C64,'country region mapping'!$A$2:$A$250, 'country region mapping'!$E$2:$E$250)} -> #NAME? | E64: {=_xludf.XLOOKUP(C64,'country region mapping'!$A$2:$A$267,'country region mapping'!$F$2:$F$267)} -> #NAME? | F64: {=_xludf.XLOOKUP(C64,'country region mapping'!$A$2:$A$267,'country region mapping'!$G$2:$G$267)} -> #NAME? | G64: 6.096 | H64: 117 | I64: 97 | J64: 100 | K64: 90 | L64: 40 | M64: 73 | N64: 95 | O64: 15 | P64: 77 | Q64: 73 | R64: 15 | S64: 26
A65: 2025 | B65: 64 | C65: Dominican Republic | D65: {=_xludf.XLOOKUP(C65,'country region mapping'!$A$2:$A$250, 'country region mapping'!$E$2:$E$250)} -> #NAME? | E65: {=_xludf.XLOOKUP(C65,'country region mapping'!$A$2:$A$267,'country region mapping'!$F$2:$F$267)} -> #NAME? | F65: {=_xludf.XLOOKUP(C65,'country region mapping'!$A$2:$A$267,'country region mapping'!$G$2:$G$267)} -> #NAME? | G65: 6.093 | H65: 132 | I65: 65 | J65: 54 | K65: 63 | L65: 31 | M65: 88 | N65: 32 | O65: 33 | P65: 63 | Q65: 88 | R65: 20 | S65: 20
A66: 2025 | B66: 65 | C66: China | D66: {=_xludf.XLOOKUP(C66,'country region mapping'!$A$2:$A$250, 'country region mapping'!$E$2:$E$250)} -> #NAME? | E66: {=_xludf.XLOOKUP(C66,'country region mapping'!$A$2:$A$267,'country region mapping'!$F$2:$F$267)} -> #NAME? | F66: {=_xludf.XLOOKUP(C66,'country region mapping'!$A$2:$A$267,'country region mapping'!$G$2:$G$267)} -> #NAME? | G66: 6.074 | H66: 76 | I66: 126 | J66: 53 | K66: 26 | L66: 121 | M66: 61 | O66: 93 | P66: 105 | Q66: 61 | R66: 14 | S66: 124
A67: 2025 | B67: 66 | C67: Kyrgyzstan | D67: {=_xludf.XLOOKUP(C67,'country region mapping'!$A$2:$A$250, 'country region mapping'!$E$2:$E$250)} -> #NAME? | E67: {=_xludf.XLOOKUP(C67,'country region mapping'!$A$2:$A$267,'country region mapping'!$F$2:$F$267)} -> #NAME? | F67: {=_xludf.XLOOKUP(C67,'country region mapping'!$A$2:$A$267,'country region mapping'!$G$2:$G$267)} -> #NAME? | G67: 6.049 | H67: 14 | I67: 41 | J67: 96 | K67: 64 | L67: 6 | M67: 51 | N67: 36 | O67: 71 | P67: 9 | Q67: 51 | R67: 63 | S67: 90
A68: 2025 | B68: 68 | C68: Colombia | D68: {=_xludf.XLOOKUP(C68,'country region mapping'!$A$2:$A$250, 'country region mapping'!$E$2:$E$250)} -> #NAME? | E68: {=_xludf.XLOOKUP(C68,'country region mapping'!$A$2:$A$267,'country region mapping'!$F$2:$F$267)} -> #NAME? | F68: {=_xludf.XLOOKUP(C68,'country region mapping'!$A$2:$A$267,'country region mapping'!$G$2:$G$267)} -> #NAME? | G68: 6.04 | H68: 106 | I68: 57 | J68: 64 | K68: 44 | L68: 69 | M68: 115 | N68: 109 | O68: 12 | P68: 83 | Q68: 115 | R68: 91 | S68: 52
A69: 2025 | B69: 67 | C69: Republic of Korea | D69: {=_xludf.XLOOKUP(C69,'country region mapping'!$A$2:$A$267,'country region mapping'!$E$2:$E$267)} -> #NAME? | E69: {=_xludf.XLOOKUP(C69,'country region mapping'!$A$2:$A$267,'country region mapping'!$F$2:$F$267)} -> #NAME? | F69: {=_xludf.XLOOKUP(C69,'country region mapping'!$A$2:$A$267,'country region mapping'!$G$2:$G$267)} -> #NAME? | G69: 6.04 | H69: 58 | I69: 76 | K69: 3 | L69: 99 | M69: 58 | N69: 43 | O69: 99 | P69: 45 | Q69: 58 | R69: 101 | S69: 125
A70: 2025 | B70: 69 | C70: Portugal | D70: {=_xludf.XLOOKUP(C70,'country region mapping'!$A$2:$A$250, 'country region mapping'!$E$2:$E$250)} -> #NAME? | E70: {=_xludf.XLOOKUP(C70,'country region mapping'!$A$2:$A$267,'country region mapping'!$F$2:$F$267)} -> #NAME? | F70: {=_xludf.XLOOKUP(C70,'country region mapping'!$A$2:$A$267,'country region mapping'!$G$2:$G$267)} -> #NAME? | G70: 6.029 | H70: 57 | I70: 45 | J70: 32 | K70: 22 | L70: 27 | M70: 108 | N70: 124 | O70: 96 | P70: 86 | Q70: 108 | R70: 117 | S70: 105
A71: 2025 | B71: 70 | C71: Croatia | D71: {=_xludf.XLOOKUP(C71,'country region mapping'!$A$2:$A$250, 'country region mapping'!$E$2:$E$250)} -> #NAME? | E71: {=_xludf.XLOOKUP(C71,'country region mapping'!$A$2:$A$267,'country region mapping'!$F$2:$F$267)} -> #NAME? | F71: {=_xludf.XLOOKUP(C71,'country region mapping'!$A$2:$A$267,'country region mapping'!$G$2:$G$267)} -> #NAME? | G71: 6.009 | H71: 18 | I71: 27 | J71: 31 | K71: 31 | L71: 110 | M71: 125 | N71: 57 | O71: 101 | P71: 13 | Q71: 125 | R71: 122 | S71: 137
A72: 2025 | B72: 71 | C72: Malaysia | D72: {=_xludf.XLOOKUP(C72,'country region mapping'!$A$2:$A$250, 'country region mapping'!$E$2:$E$250)} -> #NAME? | E72: {=_xludf.XLOOKUP(C72,'country region mapping'!$A$2:$A$267,'country region mapping'!$F$2:$F$267)} -> #NAME? | F72: {=_xludf.XLOOKUP(C72,'country region mapping'!$A$2:$A$267,'country region mapping'!$G$2:$G$267)} -> #NAME? | G72: 6.005 | H72: 71 | I72: 82 | J72: 44 | K72: 55 | L72: 14 | M72: 26 | N72: 78 | O72: 22 | P72: 30 | Q72: 26 | R72: 26 | S72: 59
A73: 2025 | B73: 72 | C73: Peru | D73: {=_xludf.XLOOKUP(C73,'country region mapping'!$A$2:$A$250, 'country region mapping'!$E$2:$E$250)} -> #NAME? | E73: {=_xludf.XLOOKUP(C73,'country region mapping'!$A$2:$A$267,'country region mapping'!$F$2:$F$267)} -> #NAME? | F73: {=_xludf.XLOOKUP(C73,'country region mapping'!$A$2:$A$267,'country region mapping'!$G$2:$G$267)} -> #NAME? | G73: 5.974 | H73: 89 | I73: 70 | J73: 72 | K73: 69 | L73: 86 | M73: 114 | N73: 131 | O73: 16 | P73: 104 | Q73: 114 | R73: 84 | S73: 63
A74: 2025 | B74: 73 | C74: Mauritius | D74: {=_xludf.XLOOKUP(C74,'country region mapping'!$A$2:$A$250, 'country region mapping'!$E$2:$E$250)} -> #NAME? | E74: {=_xludf.XLOOKUP(C74,'country region mapping'!$A$2:$A$267,'country region mapping'!$F$2:$F$267)} -> #NAME? | F74: {=_xludf.XLOOKUP(C74,'country region mapping'!$A$2:$A$267,'country region mapping'!$G$2:$G$267)} -> #NAME? | G74: 5.939 | H74: 87 | I74: 49 | J74: 47 | K74: 61 | L74: 39 | M74: 69 | N74: 73 | O74: 74 | P74: 6 | Q74: 69 | R74: 37 | S74: 108
A75: 2025 | B75: 74 | C75: Hungary | D75: {=_xludf.XLOOKUP(C75,'country region mapping'!$A$2:$A$250, 'country region mapping'!$E$2:$E$250)} -> #NAME? | E75: {=_xludf.XLOOKUP(C75,'country region mapping'!$A$2:$A$267,'country region mapping'!$F$2:$F$267)} -> #NAME? | F75: {=_xludf.XLOOKUP(C75,'country region mapping'!$A$2:$A$267,'country region mapping'!$G$2:$G$267)} -> #NAME? | G75: 5.937 | H75: 68 | I75: 16 | J75: 36 | K75: 48 | L75: 111 | M75: 36 | N75: 106 | O75: 82 | P75: 25 | Q75: 36 | R75: 109 | S75: 18
A76: 2025 | B76: 75 | C76: Mongolia | D76: {=_xludf.XLOOKUP(C76,'country region mapping'!$A$2:$A$250, 'country region mapping'!$E$2:$E$250)} -> #NAME? | E76: {=_xludf.XLOOKUP(C76,'country region mapping'!$A$2:$A$267,'country region mapping'!$F$2:$F$267)} -> #NAME? | F76: {=_xludf.XLOOKUP(C76,'country region mapping'!$A$2:$A$267,'country region mapping'!$G$2:$G$267)} -> #NAME? | G76: 5.936 | H76: 55 | I76: 5 | J76: 66 | K76: 80 | L76: 116 | M76: 30 | N76: 107 | O76: 119 | P76: 20 | Q76: 30 | R76: 10 | S76: 119
A77: 2025 | B77: 76 | C77: Trinidad and Tobago | D77: {=_xludf.XLOOKUP(C77,'country region mapping'!$A$2:$A$250, 'country region mapping'!$E$2:$E$250)} -> #NAME? | E77: {=_xludf.XLOOKUP(C77,'country region mapping'!$A$2:$A$267,'country region mapping'!$F$2:$F$267)} -> #NAME? | F77: {=_xludf.XLOOKUP(C77,'country region mapping'!$A$2:$A$267,'country region mapping'!$G$2:$G$267)} -> #NAME? | G77: 5.905
A78: 2025 | B78: 77 | C78: Republic of Moldova | D78: {=_xludf.XLOOKUP(C78,'country region mapping'!$A$2:$A$267,'country region mapping'!$E$2:$E$267)} -> #NAME? | E78: {=_xludf.XLOOKUP(C78,'country region mapping'!$A$2:$A$267,'country region mapping'!$F$2:$F$267)} -> #NAME? | F78: {=_xludf.XLOOKUP(C78,'country region mapping'!$A$2:$A$267,'country region mapping'!$G$2:$G$267)} -> #NAME? | G78: 5.851 | H78: 70 | I78: 87 | J78: 69 | K78: 81 | L78: 37 | M78: 100 | N78: 120 | O78: 49 | P78: 75 | Q78: 100 | R78: 118 | S78: 40
A79: 2025 | B79: 78 | C79: Bolivia | D79: {=_xludf.XLOOKUP(C79,'country region mapping'!$A$2:$A$267,'country region mapping'!$E$2:$E$267)} -> #NAME? | E79: {=_xludf.XLOOKUP(C79,'country region mapping'!$A$2:$A$267,'country region mapping'!$F$2:$F$267)} -> #NAME? | F79: {=_xludf.XLOOKUP(C79,'country region mapping'!$A$2:$A$267,'country region mapping'!$G$2:$G$267)} -> #NAME? | G79: 5.835 | H79: 82 | I79: 83 | J79: 85 | K79: 98 | L79: 80 | M79: 116 | N79: 125 | O79: 28 | P79: 125 | Q79: 116 | R79: 68 | S79: 69
A80: 2025 | B80: 79 | C80: Russian Federation | D80: {=_xludf.XLOOKUP(C80,'country region mapping'!$A$2:$A$250, 'country region mapping'!$E$2:$E$250)} -> #NAME? | E80: {=_xludf.XLOOKUP(C80,'country region mapping'!$A$2:$A$267,'country region mapping'!$F$2:$F$267)} -> #NAME? | F80: {=_xludf.XLOOKUP(C80,'country region mapping'!$A$2:$A$267,'country region mapping'!$G$2:$G$267)} -> #NAME? | G80: 5.834 | H80: 95 | I80: 73 | J80: 33 | K80: 83 | L80: 112 | M80: 31 | N80: 47 | O80: 104 | P80: 28 | Q80: 31 | R80: 53 | S80: 30
A81: 2025 | B81: 80 | C81: Venezuela | D81: {=_xludf.XLOOKUP(C81,'country region mapping'!$A$2:$A$267,'country region mapping'!$E$2:$E$267)} -> #NAME? | E81: {=_xludf.XLOOKUP(C81,'country region mapping'!$A$2:$A$267,'country region mapping'!$F$2:$F$267)} -> #NAME? | F81: {=_xludf.XLOOKUP(C81,'country region mapping'!$A$2:$A$267,'country region mapping'!$G$2:$G$267)} -> #NAME? | G81: 5.756 | H81: 102 | I81: 55 | K81: 74 | L81: 79 | M81: 117 | N81: 51 | O81: 21 | P81: 96 | Q81: 117 | R81: 48 | S81: 21
A82: 2025 | B82: 81 | C82: Libya | D82: {=_xludf.XLOOKUP(C82,'country region mapping'!$A$2:$A$250, 'country region mapping'!$E$2:$E$250)} -> #NAME? | E82: {=_xludf.XLOOKUP(C82,'country region mapping'!$A$2:$A$267,'country region mapping'!$F$2:$F$267)} -> #NAME? | F82: {=_xludf.XLOOKUP(C82,'country region mapping'!$A$2:$A$267,'country region mapping'!$G$2:$G$267)} -> #NAME? | G82: 5.731 | H82: 32 | I82: 94 | J82: 78 | L82: 87 | M82: 85 | N82: 21 | O82: 123 | P82: 71 | Q82: 85 | R82: 106 | S82: 114
A83: 2025 | B83: 82 | C83: North Macedonia | D83: {=_xludf.XLOOKUP(C83,'country region mapping'!$A$2:$A$250, 'country region mapping'!$E$2:$E$250)} -> #NAME? | E83: {=_xludf.XLOOKUP(C83,'country region mapping'!$A$2:$A$267,'country region mapping'!$F$2:$F$267)} -> #NAME? | F83: {=_xludf.XLOOKUP(C83,'country region mapping'!$A$2:$A$267,'country region mapping'!$G$2:$G$267)} -> #NAME? | G83: 5.719 | H83: 53 | I83: 43 | J83: 55 | K83: 60 | L83: 120 | M83: 43 | N83: 128 | O83: 132 | P83: 81 | Q83: 43 | R83: 128 | S83: 134
A84: 2025 | B84: 83 | C84: Algeria | D84: {=_xludf.XLOOKUP(C84,'country region mapping'!$A$2:$A$250, 'country region mapping'!$E$2:$E$250)} -> #NAME? | E84: {=_xludf.XLOOKUP(C84,'country region mapping'!$A$2:$A$267,'country region mapping'!$F$2:$F$267)} -> #NAME? | F84: {=_xludf.XLOOKUP(C84,'country region mapping'!$A$2:$A$267,'country region mapping'!$G$2:$G$267)} -> #NAME? | G84: 5.714 | H84: 104 | I84: 77 | J84: 73 | K84: 39 | L84: 52 | M84: 91 | O84: 86 | P84: 120 | Q84: 91 | R84: 88 | S84: 13
A85: 2025 | B85: 84 | C85: Bulgaria | D85: {=_xludf.XLOOKUP(C85,'country region mapping'!$A$2:$A$250, 'country region mapping'!$E$2:$E$250)} -> #NAME? | E85: {=_xludf.XLOOKUP(C85,'country region mapping'!$A$2:$A$267,'country region mapping'!$F$2:$F$267)} -> #NAME? | F85: {=_xludf.XLOOKUP(C85,'country region mapping'!$A$2:$A$267,'country region mapping'!$G$2:$G$267)} -> #NAME? | G85: 5.703 | H85: 51 | I85: 19 | J85: 43 | K85: 71 | L85: 65 | M85: 89 | N85: 130 | O85: 111 | P85: 17 | Q85: 89 | R85: 124 | S85: 126
A86: 2025 | B86: 85 | C86: Greece | D86: {=_xludf.XLOOKUP(C86,'country region mapping'!$A$2:$A$250, 'country region mapping'!$E$2:$E$250)} -> #NAME? | E86: {=_xludf.XLOOKUP(C86,'country region mapping'!$A$2:$A$267,'country region mapping'!$F$2:$F$267)} -> #NAME? | F86: {=_xludf.XLOOKUP(C86,'country region mapping'!$A$2:$A$267,'country region mapping'!$G$2:$G$267)} -> #NAME? | G86: 5.697 | H86: 64 | I86: 79 | J86: 39 | K86: 27 | L86: 134 | M86: 111 | N86: 111 | O86: 112 | P86: 106 | Q86: 111 | R86: 90 | S86: 62
A87: 2025 | B87: 86 | C87: Albania | D87: {=_xludf.XLOOKUP(C87,'country region mapping'!$A$2:$A$250, 'country region mapping'!$E$2:$E$250)} -> #NAME? | E87: {=_xludf.XLOOKUP(C87,'country region mapping'!$A$2:$A$267,'country region mapping'!$F$2:$F$267)} -> #NAME? | F87: {=_xludf.XLOOKUP(C87,'country region mapping'!$A$2:$A$267,'country region mapping'!$G$2:$G$267)} -> #NAME? | G87: 5.662 | H87: 97 | I87: 89 | J87: 56 | K87: 35 | L87: 34 | M87: 53 | N87: 98 | O87: 100 | P87: 67 | Q87: 53 | R87: 133 | S87: 111
A88: 2025 | B88: 87 | C88: Indonesia | D88: {=_xludf.XLOOKUP(C88,'country region mapping'!$A$2:$A$250, 'country region mapping'!$E$2:$E$250)} -> #NAME? | E88: {=_xludf.XLOOKUP(C88,'country region mapping'!$A$2:$A$267,'country region mapping'!$F$2:$F$267)} -> #NAME? | F88: {=_xludf.XLOOKUP(C88,'country region mapping'!$A$2:$A$267,'country region mapping'!$G$2:$G$267)} -> #NAME? | G88: 5.617 | H88: 83 | I88: 80 | J88: 75 | K88: 85 | L88: 29 | M88: 1 | N88: 126 | O88: 4 | P88: 88 | Q88: 1 | R88: 1 | S88: 71
A89: 2025 | B89: 88 | C89: Tajikistan | D89: {=_xludf.XLOOKUP(C89,'country region mapping'!$A$2:$A$250, 'country region mapping'!$E$2:$E$250)} -> #NAME? | E89: {=_xludf.XLOOKUP(C89,'country region mapping'!$A$2:$A$267,'country region mapping'!$F$2:$F$267)} -> #NAME? | F89: {=_xludf.XLOOKUP(C89,'country region mapping'!$A$2:$A$267,'country region mapping'!$G$2:$G$267)} -> #NAME? | G89: 5.591 | H89: 35 | I89: 31 | J89: 108 | K89: 67 | M89: 79 | N89: 11 | O89: 73 | P89: 10 | Q89: 79 | R89: 4 | S89: 39
A90: 2025 | B90: 89 | C90: Armenia | D90: {=_xludf.XLOOKUP(C90,'country region mapping'!$A$2:$A$250, 'country region mapping'!$E$2:$E$250)} -> #NAME? | E90: {=_xludf.XLOOKUP(C90,'country region mapping'!$A$2:$A$267,'country region mapping'!$F$2:$F$267)} -> #NAME? | F90: {=_xludf.XLOOKUP(C90,'country region mapping'!$A$2:$A$267,'country region mapping'!$G$2:$G$267)} -> #NAME? | G90: 5.584 | H90: 81 | I90: 72 | J90: 61 | K90: 53 | L90: 83 | M90: 133 | N90: 50 | O90: 120 | P90: 135 | Q90: 133 | R90: 138 | S90: 95
A91: 2025 | B91: 90 | C91: Hong Kong SAR of China | D91: {=_xludf.XLOOKUP(C91,'country region mapping'!$A$2:$A$267,'country region mapping'!$E$2:$E$267)} -> #NAME? | E91: {=_xludf.XLOOKUP(C91,'country region mapping'!$A$2:$A$267,'country region mapping'!$F$2:$F$267)} -> #NAME? | F91: {=_xludf.XLOOKUP(C91,'country region mapping'!$A$2:$A$267,'country region mapping'!$G$2:$G$267)} -> #NAME? | G91: 5.569 | H91: 11 | I91: 60 | L91: 82 | M91: 34 | N91: 7 | O91: 116 | P91: 12 | Q91: 34 | R91: 80 | S91: 91
A92: 2025 | B92: 91 | C92: Georgia | D92: {=_xludf.XLOOKUP(C92,'country region mapping'!$A$2:$A$250, 'country region mapping'!$E$2:$E$250)} -> #NAME? | E92: {=_xludf.XLOOKUP(C92,'country region mapping'!$A$2:$A$267,'country region mapping'!$F$2:$F$267)} -> #NAME? | F92: {=_xludf.XLOOKUP(C92,'country region mapping'!$A$2:$A$267,'country region mapping'!$G$2:$G$267)} -> #NAME? | G92: 5.517 | H92: 67 | I92: 75 | J92: 52 | K92: 51 | L92: 70 | M92: 138 | N92: 44 | O92: 126 | P92: 14 | Q92: 138 | R92: 93 | S92: 51
A93: 2025 | B93: 92 | C93: Lao PDR | D93: {=_xludf.XLOOKUP(C93,'country region mapping'!$A$2:$A$267,'country region mapping'!$E$2:$E$267)} -> #NAME? | E93: {=_xludf.XLOOKUP(C93,'country region mapping'!$A$2:$A$267,'country region mapping'!$F$2:$F$267)} -> #NAME? | F93: {=_xludf.XLOOKUP(C93,'country region mapping'!$A$2:$A$267,'country region mapping'!$G$2:$G$267)} -> #NAME? | G93: 5.515 | H93: 113 | I93: 114 | J93: 93 | K93: 87 | L93: 12 | M93: 52 | N93: 35 | O93: 32 | P93: 99 | Q93: 52 | R93: 105 | S93: 135
A94: 2025 | B94: 93 | C94: Mozambique | D94: {=_xludf.XLOOKUP(C94,'country region mapping'!$A$2:$A$250, 'country region mapping'!$E$2:$E$250)} -> #NAME? | E94: {=_xludf.XLOOKUP(C94,'country region mapping'!$A$2:$A$267,'country region mapping'!$F$2:$F$267)} -> #NAME? | F94: {=_xludf.XLOOKUP(C94,'country region mapping'!$A$2:$A$267,'country region mapping'!$G$2:$G$267)} -> #NAME? | G94: 5.336 | H94: 138 | I94: 103 | J94: 130 | K94: 117 | L94: 94 | M94: 121 | N94: 46 | O94: 97 | P94: 118 | Q94: 121 | R94: 50 | S94: 106
A95: 2025 | B95: 94 | C95: Türkiye | D95: {=_xludf.XLOOKUP(C95,'country region mapping'!$A$2:$A$250, 'country region mapping'!$E$2:$E$250)} -> #NAME? | E95: {=_xludf.XLOOKUP(C95,'country region mapping'!$A$2:$A$267,'country region mapping'!$F$2:$F$267)} -> #NAME? | F95: {=_xludf.XLOOKUP(C95,'country region mapping'!$A$2:$A$267,'country region mapping'!$G$2:$G$267)} -> #NAME? | G95: 5.3 | H95: 43 | I95: 71 | J95: 40 | K95: 42 | L95: 135 | M95: 97 | N95: 84 | O95: 139 | P95: 113 | Q95: 97 | R95: 125 | S95: 100
A96: 2025 | B96: 95 | C96: Iraq | D96: {=_xludf.XLOOKUP(C96,'country region mapping'!$A$2:$A$250, 'country region mapping'!$E$2:$E$250)} -> #NAME? | E96: {=_xludf.XLOOKUP(C96,'country region mapping'!$A$2:$A$267,'country region mapping'!$F$2:$F$267)} -> #NAME? | F96: {=_xludf.XLOOKUP(C96,'country region mapping'!$A$2:$A$267,'country region mapping'!$G$2:$G$267)} -> #NAME? | G96: 5.212 | H96: 115 | I96: 100 | J96: 82 | K96: 82 | L96: 130 | M96: 77 | N96: 86 | O96: 114 | P96: 137 | Q96: 77 | R96: 116 | S96: 44
A97: 2025 | B97: 96 | C97: Gabon | D97: {=_xludf.XLOOKUP(C97,'country region mapping'!$A$2:$A$250, 'country region mapping'!$E$2:$E$250)} -> #NAME? | E97: {=_xludf.XLOOKUP(C97,'country region mapping'!$A$2:$A$267,'country region mapping'!$F$2:$F$267)} -> #NAME? | F97: {=_xludf.XLOOKUP(C97,'country region mapping'!$A$2:$A$267,'country region mapping'!$G$2:$G$267)} -> #NAME? | G97: 5.167 | H97: 105 | I97: 111 | J97: 63 | K97: 101 | L97: 84 | M97: 126 | N97: 72 | O97: 91 | P97: 119 | Q97: 126 | R97: 108 | S97: 42
A98: 2025 | B98: 97 | C98: Iran | D98: {=_xludf.XLOOKUP(C98,'country region mapping'!$A$2:$A$267,'country region mapping'!$E$2:$E$267)} -> #NAME? | E98: {=_xludf.XLOOKUP(C98,'country region mapping'!$A$2:$A$267,'country region mapping'!$F$2:$F$267)} -> #NAME? | F98: {=_xludf.XLOOKUP(C98,'country region mapping'!$A$2:$A$267,'country region mapping'!$G$2:$G$267)} -> #NAME? | G98: 5.151 | K98: 54
A99: 2025 | B99: 98 | C99: Côte d’Ivoire | D99: {=_xludf.XLOOKUP(C99,'country region mapping'!$A$2:$A$267,'country region mapping'!$E$2:$E$267)} -> #NAME? | E99: {=_xludf.XLOOKUP(C99,'country region mapping'!$A$2:$A$267,'country region mapping'!$F$2:$F$267)} -> #NAME? | F99: {=_xludf.XLOOKUP(C99,'country region mapping'!$A$2:$A$267,'country region mapping'!$G$2:$G$267)} -> #NAME? | G99: 5.148 | H99: 109 | I99: 122 | J99: 99 | K99: 72 | M99: 75 | N99: 39 | O99: 78 | P99: 108 | Q99: 75 | R99: 66 | S99: 35
A100: 2025 | B100: 99 | C100: Nepal | D100: {=_xludf.XLOOKUP(C100,'country region mapping'!$A$2:$A$250, 'country region mapping'!$E$2:$E$250)} -> #NAME? | E100: {=_xludf.XLOOKUP(C100,'country region mapping'!$A$2:$A$267,'country region mapping'!$F$2:$F$267)} -> #NAME? | F100: {=_xludf.XLOOKUP(C100,'country region mapping'!$A$2:$A$267,'country region mapping'!$G$2:$G$267)} -> #NAME? | G100: 5.147 | H100: 103 | I100: 88 | J100: 106 | K100: 89 | L100: 63 | M100: 124 | N100: 118 | O100: 136 | P100: 66 | Q100: 124 | R100: 86 | S100: 130
...

Sheet country region mapping
A1: name | B1: Country code | C1: country-code | D1: iso_3166-2 | E1: region | F1: sub-region | G1: intermediate-region | I1: source:
A2: Afghanistan | B2: AF | C2: 4 | D2: ISO 3166-2:AF | E2: Asia | F2: Southern Asia | I2: https://github.com/lukes/ISO-3166-Countries-with-Regional-Codes/blob/master/all/all.csv
A3: Åland Islands | B3: AX | C3: 248 | D3: ISO 3166-2:AX | E3: Europe | F3: Northern Europe
A4: Albania | B4: AL | C4: 8 | D4: ISO 3166-2:AL | E4: Europe | F4: Southern Europe
A5: Algeria | B5: DZ | C5: 12 | D5: ISO 3166-2:DZ | E5: Africa | F5: Northern Africa
A6: American Samoa | B6: AS | C6: 16 | D6: ISO 3166-2:AS | E6: Oceania | F6: Polynesia
A7: Andorra | B7: AD | C7: 20 | D7: ISO 3166-2:AD | E7: Europe | F7: Southern Europe
A8: Angola | B8: AO | C8: 24 | D8: ISO 3166-2:AO | E8: Africa | F8: Sub-Saharan Africa | G8: Middle Africa
A9: Anguilla | B9: AI | C9: 660 | D9: ISO 3166-2:AI | E9: Americas | F9: Latin America and the Caribbean | G9: Caribbean
A10: Antarctica | B10: AQ | C10: 10 | D10: ISO 3166-2:AQ
A11: Antigua and Barbuda | B11: AG | C11: 28 | D11: ISO 3166-2:AG | E11: Americas | F11: Latin America and the Caribbean | G11: Caribbean
A12: Argentina | B12: AR | C12: 32 | D12: ISO 3166-2:AR | E12: Americas | F12: Latin America and the Caribbean | G12: South America
A13: Armenia | B13: AM | C13: 51 | D13: ISO 3166-2:AM | E13: Asia | F13: Western Asia
A14: Aruba | B14: AW | C14: 533 | D14: ISO 3166-2:AW | E14: Americas | F14: Latin America and the Caribbean | G14: Caribbean
A15: Australia | B15: AU | C15: 36 | D15: ISO 3166-2:AU | E15: Oceania | F15: Australia and New Zealand
A16: Austria | B16: AT | C16: 40 | D16: ISO 3166-2:AT | E16: Europe | F16: Western Europe
A17: Azerbaijan | B17: AZ | C17: 31 | D17: ISO 3166-2:AZ | E17: Asia | F17: Western Asia
A18: Bahamas | B18: BS | C18: 44 | D18: ISO 3166-2:BS | E18: Americas | F18: Latin America and the Caribbean | G18: Caribbean
A19: Bahrain | B19: BH | C19: 48 | D19: ISO 3166-2:BH | E19: Asia | F19: Western Asia
A20: Bangladesh | B20: BD | C20: 50 | D20: ISO 3166-2:BD | E20: Asia | F20: Southern Asia
A21: Barbados | B21: BB | C21: 52 | D21: ISO 3166-2:BB | E21: Americas | F21: Latin America and the Caribbean | G21: Caribbean
A22: Belarus | B22: BY | C22: 112 | D22: ISO 3166-2:BY | E22: Europe | F22: Eastern Europe
A23: Belgium | B23: BE | C23: 56 | D23: ISO 3166-2:BE | E23: Europe | F23: Western Europe
A24: Belize | B24: BZ | C24: 84 | D24: ISO 3166-2:BZ | E24: Americas | F24: Latin America and the Caribbean | G24: Central America
A25: Benin | B25: BJ | C25: 204 | D25: ISO 3166-2:BJ | E25: Africa | F25: Sub-Saharan Africa | G25: Western Africa
A26: Bermuda | B26: BM | C26: 60 | D26: ISO 3166-2:BM | E26: Americas | F26: Northern America
A27: Bhutan | B27: BT | C27: 64 | D27: ISO 3166-2:BT | E27: Asia | F27: Southern Asia
A28: Bolivia, Plurinational State of | B28: BO | C28: 68 | D28: ISO 3166-2:BO | E28: Americas | F28: Latin America and the Caribbean | G28: South America
A29: Bonaire, Sint Eustatius and Saba | B29: BQ | C29: 535 | D29: ISO 3166-2:BQ | E29: Americas | F29: Latin America and the Caribbean | G29: Caribbean
A30: Bosnia and Herzegovina | B30: BA | C30: 70 | D30: ISO 3166-2:BA | E30: Europe | F30: Southern Europe
A31: Botswana | B31: BW | C31: 72 | D31: ISO 3166-2:BW | E31: Africa | F31: Sub-Saharan Africa | G31: Southern Africa
A32: Bouvet Island | B32: BV | C32: 74 | D32: ISO 3166-2:BV | E32: Americas | F32: Latin America and the Caribbean | G32: South America
A33: Brazil | B33: BR | C33: 76 | D33: ISO 3166-2:BR | E33: Americas | F33: Latin America and the Caribbean | G33: South America
A34: British Indian Ocean Territory | B34: IO | C34: 86 | D34: ISO 3166-2:IO | E34: Africa | F34: Sub-Saharan Africa | G34: Eastern Africa
A35: Brunei Darussalam | B35: BN | C35: 96 | D35: ISO 3166-2:BN | E35: Asia | F35: South-eastern Asia
A36: Bulgaria | B36: BG | C36: 100 | D36: ISO 3166-2:BG | E36: Europe | F36: Eastern Europe
A37: Burkina Faso | B37: BF | C37: 854 | D37: ISO 3166-2:BF | E37: Africa | F37: Sub-Saharan Africa | G37: Western Africa
A38: Burundi | B38: BI | C38: 108 | D38: ISO 3166-2:BI | E38: Africa | F38: Sub-Saharan Africa | G38: Eastern Africa
A39: Cabo Verde | B39: CV | C39: 132 | D39: ISO 3166-2:CV | E39: Africa | F39: Sub-Saharan Africa | G39: Western Africa
A40: Cambodia | B40: KH | C40: 116 | D40: ISO 3166-2:KH | E40: Asia | F40: South-eastern Asia
A41: Cameroon | B41: CM | C41: 120 | D41: ISO 3166-2:CM | E41: Africa | F41: Sub-Saharan Africa | G41: Middle Africa
A42: Canada | B42: CA | C42: 124 | D42: ISO 3166-2:CA | E42: Americas | F42: Northern America
A43: Cayman Islands | B43: KY | C43: 136 | D43: ISO 3166-2:KY | E43: Americas | F43: Latin America and the Caribbean | G43: Caribbean
A44: Central African Republic | B44: CF | C44: 140 | D44: ISO 3166-2:CF | E44: Africa | F44: Sub-Saharan Africa | G44: Middle Africa
A45: Chad | B45: TD | C45: 148 | D45: ISO 3166-2:TD | E45: Africa | F45: Sub-Saharan Africa | G45: Middle Africa
A46: Chile | B46: CL | C46: 152 | D46: ISO 3166-2:CL | E46: Americas | F46: Latin America and the Caribbean | G46: South America
A47: China | B47: CN | C47: 156 | D47: ISO 3166-2:CN | E47: Asia | F47: Eastern Asia
A48: Christmas Island | B48: CX | C48: 162 | D48: ISO 3166-2:CX | E48: Oceania | F48: Australia and New Zealand
A49: Cocos (Keeling) Islands | B49: CC | C49: 166 | D49: ISO 3166-2:CC | E49: Oceania | F49: Australia and New Zealand
A50: Colombia | B50: CO | C50: 170 | D50: ISO 3166-2:CO | E50: Americas | F50: Latin America and the Caribbean | G50: South America
A51: Comoros | B51: KM | C51: 174 | D51: ISO 3166-2:KM | E51: Africa | F51: Sub-Saharan Africa | G51: Eastern Africa
A52: Congo | B52: CG | C52: 178 | D52: ISO 3166-2:CG | E52: Africa | F52: Sub-Saharan Africa | G52: Middle Africa
A53: Congo, Democratic Republic of the | B53: CD | C53: 180 | D53: ISO 3166-2:CD | E53: Africa | F53: Sub-Saharan Africa | G53: Middle Africa
A54: Cook Islands | B54: CK | C54: 184 | D54: ISO 3166-2:CK | E54: Oceania | F54: Polynesia
A55: Costa Rica | B55: CR | C55: 188 | D55: ISO 3166-2:CR | E55: Americas | F55: Latin America and the Caribbean | G55: Central America
A56: Côte d'Ivoire | B56: CI | C56: 384 | D56: ISO 3166-2:CI | E56: Africa | F56: Sub-Saharan Africa | G56: Western Africa
A57: Croatia | B57: HR | C57: 191 | D57: ISO 3166-2:HR | E57: Europe | F57: Southern Europe
A58: Cuba | B58: CU | C58: 192 | D58: ISO 3166-2:CU | E58: Americas | F58: Latin America and the Caribbean | G58: Caribbean
A59: Curaçao | B59: CW | C59: 531 | D59: ISO 3166-2:CW | E59: Americas | F59: Latin America and the Caribbean | G59: Caribbean
A60: Cyprus | B60: CY | C60: 196 | D60: ISO 3166-2:CY | E60: Asia | F60: Western Asia
A61: Czechia | B61: CZ | C61: 203 | D61: ISO 3166-2:CZ | E61: Europe | F61: Eastern Europe
A62: Denmark | B62: DK | C62: 208 | D62: ISO 3166-2:DK | E62: Europe | F62: Northern Europe
A63: Djibouti | B63: DJ | C63: 262 | D63: ISO 3166-2:DJ | E63: Africa | F63: Sub-Saharan Africa | G63: Eastern Africa
A64: Dominica | B64: DM | C64: 212 | D64: ISO 3166-2:DM | E64: Americas | F64: Latin America and the Caribbean | G64: Caribbean
A65: Dominican Republic | B65: DO | C65: 214 | D65: ISO 3166-2:DO | E65: Americas | F65: Latin America and the Caribbean | G65: Caribbean
A66: Ecuador | B66: EC | C66: 218 | D66: ISO 3166-2:EC | E66: Americas | F66: Latin America and the Caribbean | G66: South America
A67: Egypt | B67: EG | C67: 818 | D67: ISO 3166-2:EG | E67: Africa | F67: Northern Africa
A68: El Salvador | B68: SV | C68: 222 | D68: ISO 3166-2:SV | E68: Americas | F68: Latin America and the Caribbean | G68: Central America
A69: Equatorial Guinea | B69: GQ | C69: 226 | D69: ISO 3166-2:GQ | E69: Africa | F69: Sub-Saharan Africa | G69: Middle Africa
A70: Eritrea | B70: ER | C70: 232 | D70: ISO 3166-2:ER | E70: Africa | F70: Sub-Saharan Africa | G70: Eastern Africa
A71: Estonia | B71: EE | C71: 233 | D71: ISO 3166-2:EE | E71: Europe | F71: Northern Europe
A72: Eswatini | B72: SZ | C72: 748 | D72: ISO 3166-2:SZ | E72: Africa | F72: Sub-Saharan Africa | G72: Southern Africa
A73: Ethiopia | B73: ET | C73: 231 | D73: ISO 3166-2:ET | E73: Africa | F73: Sub-Saharan Africa | G73: Eastern Africa
A74: Falkland Islands (Malvinas) | B74: FK | C74: 238 | D74: ISO 3166-2:FK | E74: Americas | F74: Latin America and the Caribbean | G74: South America
A75: Faroe Islands | B75: FO | C75: 234 | D75: ISO 3166-2:FO | E75: Europe | F75: Northern Europe
A76: Fiji | B76: FJ | C76: 242 | D76: ISO 3166-2:FJ | E76: Oceania | F76: Melanesia
A77: Finland | B77: FI | C77: 246 | D77: ISO 3166-2:FI | E77: Europe | F77: Northern Europe
A78: France | B78: FR | C78: 250 | D78: ISO 3166-2:FR | E78: Europe | F78: Western Europe
A79: French Guiana | B79: GF | C79: 254 | D79: ISO 3166-2:GF | E79: Americas | F79: Latin America and the Caribbean | G79: South America
A80: French Polynesia | B80: PF | C80: 258 | D80: ISO 3166-2:PF | E80: Oceania | F80: Polynesia
A81: French Southern Territories | B81: TF | C81: 260 | D81: ISO 3166-2:TF | E81: Africa | F81: Sub-Saharan Africa | G81: Eastern Africa
A82: Gabon | B82: GA | C82: 266 | D82: ISO 3166-2:GA | E82: Africa | F82: Sub-Saharan Africa | G82: Middle Africa
A83: Gambia | B83: GM | C83: 270 | D83: ISO 3166-2:GM | E83: Africa | F83: Sub-Saharan Africa | G83: Western Africa
A84: Georgia | B84: GE | C84: 268 | D84: ISO 3166-2:GE | E84: Asia | F84: Western Asia
A85: Germany | B85: DE | C85: 276 | D85: ISO 3166-2:DE | E85: Europe | F85: Western Europe
A86: Ghana | B86: GH | C86: 288 | D86: ISO 3166-2:GH | E86: Africa | F86: Sub-Saharan Africa | G86: Western Africa
A87: Gibraltar | B87: GI | C87: 292 | D87: ISO 3166-2:GI | E87: Europe | F87: Southern Europe
A88: Greece | B88: GR | C88: 300 | D88: ISO 3166-2:GR | E88: Europe | F88: Southern Europe
A89: Greenland | B89: GL | C89: 304 | D89: ISO 3166-2:GL | E89: Americas | F89: Northern America
A90: Grenada | B90: GD | C90: 308 | D90: ISO 3166-2:GD | E90: Americas | F90: Latin America and the Caribbean | G90: Caribbean
A91: Guadeloupe | B91: GP | C91: 312 | D91: ISO 3166-2:GP | E91: Americas | F91: Latin America and the Caribbean | G91: Caribbean
A92: Guam | B92: GU | C92: 316 | D92: ISO 3166-2:GU | E92: Oceania | F92: Micronesia
A93: Guatemala | B93: GT | C93: 320 | D93: ISO 3166-2:GT | E93: Americas | F93: Latin America and the Caribbean | G93: Central America
A94: Guernsey | B94: GG | C94: 831 | D94: ISO 3166-2:GG | E94: Europe | F94: Northern Europe
A95: Guinea | B95: GN | C95: 324 | D95: ISO 3166-2:GN | E95: Africa | F95: Sub-Saharan Africa | G95: Western Africa
A96: Guinea-Bissau | B96: GW | C96: 624 | D96: ISO 3166-2:GW | E96: Africa | F96: Sub-Saharan Africa | G96: Western Africa
A97: Guyana | B97: GY | C97: 328 | D97: ISO 3166-2:GY | E97: Americas | F97: Latin America and the Caribbean | G97: South America
A98: Haiti | B98: HT | C98: 332 | D98: ISO 3166-2:HT | E98: Americas | F98: Latin America and the Caribbean | G98: Caribbean
A99: Heard Island and McDonald Islands | B99: HM | C99: 334 | D99: ISO 3166-2:HM | E99: Oceania | F99: Australia and New Zealand
A100: Holy See | B100: VA | C100: 336 | D100: ISO 3166-2:VA | E100: Europe | F100: Southern Europe
...

Sheet jdr
A1: Date | B1: Happiness Rating (110) | C1: Practiced Fiddle? | D1: Practiced a Language? | E1: Slept 8 Hours? | F1: Meditated? | G1: Exercised?
A2: 45842 | B2: 7 | C2: Yes | D2: No | E2: No | F2: Yes | G2: Yes
A3: 45843 | B3: 7 | C3: No | D3: Yes | E3: Yes | F3: No | G3: No
A4: 45844 | B4: 6.5 | C4: Yes | D4: No | E4: No | F4: Yes | G4: Yes
A5: 45845 | B5: 7.5 | C5: Yes | D5: Yes | E5: No | F5: No | G5: No
A6: 45846 | B6: 6 | C6: No | D6: No | E6: Yes | F6: No | G6: No
A7: 45847 | B7: 7.5 | C7: No | D7: Yes | E7: No | F7: No | G7: No
A8: 45848 | B8: 8 | C8: No | D8: No | E8: No | F8: No | G8: No
A9: 45849 | B9: 8 | C9: No | D9: Yes | E9: No | F9: No | G9: No
A10: 45850 | B10: 8 | C10: No | D10: No | E10: Yes | F10: No | G10: No
A11: 45851 | B11: 8 | C11: No | D11: No | E11: Yes | F11: No | G11: No
A12: 45852 | B12: 9 | C12: No | D12: No | E12: Yes | F12: No | G12: No
A13: 45853 | B13: 9 | C13: No | D13: No | E13: Yes | F13: No | G13: No
... A261: 46112 | B261: 7 | C261: No | D261: Yes | E261: Yes | F261: No | G261: No

Sheet jdr_habitavgs
A1: Habit | B1: Happiness Score (avg) | C1: Days Practiced
A2: Practiced Fiddle? | B2: 6.2724138 | C2: =COUNTIF(jdr!C2:C261,"Yes") -> 87
A3: Practiced a Language? | B3: 6.6181818 | C3: =COUNTIF(jdr!D1:D261,"Yes") -> 44
A4: Slept 8 Hours? | B4: 6.2357798 | C4: =COUNTIF(jdr!E2:E261,"Yes") -> 109
A5: Meditated? | B5: 6.2321429 | C5: =COUNTIF(jdr!F1:F261,"Yes") -> 29
A6: Exercised? | B6: 6.2735849 | C6: =COUNTIF(jdr!G2:G261,"Yes") -> 54
